Source,Target,Weight
LM,VKR,1.74
UKR,MYR,1.35
TOR,BX,0.8
AE,OT,0.24
NI,OKL,1.56
BA,XL,1.77
UT,RGR,1.34
WAL,CZL,0.44
SE,SU,1.79
RHR,NT,1.18
SU,BRL,1.02
WF,VF,0.22
AE,ESR,1.26
VAL,YBL,1.43
XIR,CZL,1.12
MXR,YB,0.37
LTR,PJL,0.83
YB,EM,0.87
TFR,CBR,0.18
NPR,DFL,1.08
ZCL,ML,0.74
TU,VW,0.92
DGL,HI,1.91
UB,RRR,0.66
CZL,GZ,1.87
NI,WSL,0.2
HLL,ZR,1.75
LX,IJR,1.11
GCR,HK,1.08
FZR,VF,0.32
HA,WUR,1.7
FJR,SBL,0.89
ASL,UB,1.04
YUL,IER,1.56
AS,AKR,0.61
UVL,MYR,1.12
OJR,NV,0.47
HER,WFR,0.74
XV,WH,1.58
FKR,KS,1.57
HK,GER,0.25
HW,VUL,0.28
FXL,GJL,1.65
KIR,KG,0.52
WF,TOL,0.48
DML,HER,0.91
SRR,JR,1.0
HFR,GER,0.2
CJ,NKL,1.97
OCR,JAL,1.75
FXL,FMR,1.05
FR,EUR,1.84
RGR,IRL,0.66
WUR,MXR,1.06
XML,IYL,0.16
DU,PSR,1.35
FFR,HK,0.16
LIR,NT,1.68
XHL,CRL,0.9
IPL,LTR,0.5
HW,XIR,0.53
KM,CX,1.09
WDL,EDR,1.02
CIL,HDL,0.5
XE,BTR,1.8
JRR,VZ,1.3
ZT,AKR,0.45
WLR,GCR,0.73
VC,WB,0.8
SBL,DML,1.81
MPR,GU,1.28
UOL,SD,0.59
KM,SU,0.86
MZ,IER,0.56
RSR,OHR,1.61
MXR,GE,1.55
ECL,NI,1.33
SE,NI,0.76
YZL,UVL,0.72
LTR,KRR,1.63
YBL,WUR,0.16
DUL,MLR,1.57
LH,IO,1.13
LXR,EZL,1.57
WS,YUL,1.13
SBL,FZR,0.61
GE,XT,1.83
IDR,BER,0.4
GD,WJ,0.75
PJL,JO,0.7
AE,IYL,1.67
CZL,FXL,1.39
LTR,GUL,0.44
OHR,TJ,1.04
GE,CBR,1.24
VKR,YB,0.67
FMR,STL,0.74
BDR,WH,1.91
CDR,WPR,0.79
IER,WS,1.65
GER,ENR,0.47
YT,BD,1.27
ZT,CYR,0.25
PM,WUR,1.21
ENR,UG,0.65
FA,CZL,0.63
NO,XUR,1.81
GZ,LEL,0.66
OHR,FN,1.96
BRL,YPL,0.13
AXL,DML,1.59
HI,GSR,1.99
VUL,YTR,1.53
FXL,ZRR,0.58
ZT,GNR,1.83
UP,ECL,0.84
FVR,PIL,0.34
AE,UVL,0.15
IJR,FUL,1.52
OHR,WFL,1.26
IJ,ZX,1.26
WL,GHL,0.11
WF,EUR,1.47
FN,YP,0.66
MP,WL,0.58
HDL,WJL,1.32
LK,LTR,0.18
WGL,WF,0.78
FU,BER,1.07
LUR,FO,1.46
TIR,FH,0.29
TIR,PIL,1.89
ZGL,IRL,1.5
PNL,VOL,1.04
DD,NPR,0.3
EM,IO,1.07
UVL,LAL,1.04
PJR,XI,1.28
SRR,CV,0.93
FVR,DFL,1.52
AX,RLR,1.39
GSR,DRR,0.22
GUL,WF,1.51
ZBL,AVR,0.82
XE,CBR,0.3
EUR,SE,0.22
ASL,LO,1.65
AOL,KS,1.93
GCR,XT,1.49
NV,JV,1.14
ENR,HDL,0.43
YTR,SAR,0.17
LM,FJR,1.5
WAL,MR,1.22
MDR,NXL,0.53
SD,BX,1.37
TOL,WIL,0.41
WOL,WI,0.69
GNR,ZJ,1.45
UKR,PJL,1.08
PIL,FZR,1.76
RGR,PJL,0.57
SBL,FIL,1.32
GNR,WGL,1.31
EZL,CX,1.52
ZT,EHL,1.48
ZT,JO,0.9
AP,GE,1.73
NV,ASL,0.85
NW,YBL,1.75
JV,OHR,1.76
PZL,ZJ,0.17
LXR,IRL,0.14
ZR,ZGL,0.25
EER,VI,1.73
RGR,GBL,1.68
ISL,PSR,1.38
YUL,ZWL,0.19
CNR,XIR,0.54
IJR,EER,1.14
UT,ZGL,0.82
UG,GZ,0.77
ZT,DGL,0.72
DD,ECL,0.94
GHL,WFR,1.85
NT,TBR,0.96
YB,OJL,0.7
BDR,YTL,0.89
ISL,IJ,1.65
GER,PIL,1.26
VI,JRR,0.96
VZR,IRL,1.15
SSL,BX,1.13
YTR,PJL,0.2
DML,DUL,1.84
CBR,XL,1.38
MLR,JRR,0.38
ESR,WB,1.48
YT,VUL,0.37
MF,LUR,1.1
VZR,NT,0.79
EGL,KAL,1.78
JJR,WSL,1.69
XEL,VI,1.14
VAL,OT,0.54
WB,MPR,0.32
JH,WP,0.99
IRL,JR,0.72
BRL,YT,0.97
HK,KG,1.39
IJR,ZR,0.93
IAL,KM,0.75
WSL,PJL,1.06
TBR,SE,0.34
VKR,FMR,0.4
IDR,VF,0.22
CJ,MZ,0.91
GE,TOL,0.21
OOL,IER,0.65
YTR,MP,1.47
IX,TFR,0.65
IER,EHL,1.33
MZL,JAL,1.31
OCR,VOL,0.75
HYR,AG,1.6
GJL,FA,1.24
SJR,WP,1.15
IYL,AVR,0.61
SJR,NKL,0.99
EER,SE,0.43
NO,IJR,1.73
CJ,WJL,0.12
HDL,GUL,1.27
IYL,NT,0.4
JJR,VAL,1.43
BD,OHR,1.19
FUL,MXR,1.46
MLR,JRR,0.93
SBL,BE,1.07
EZL,YT,0.69
GML,HA,1.84
BBR,DGL,0.57
VKR,WS,1.17
EHL,BER,0.35
DF,WJ,0.97
FZR,DD,1.54
PZL,LXR,0.66
VC,IJR,0.6
VF,NXL,1.42
VC,TL,1.25
EER,TU,0.88
RHR,HHR,0.78
TU,NCR,0.5
SRR,IRL,0.44
EDR,WOL,0.59
HRR,HW,1.78
WAL,JOR,1.16
WAL,DFL,0.79
KOR,VC,1.99
PZL,NT,1.81
BD,CDR,0.83
ZUL,CDR,1.68
ASL,OHR,0.75
XJ,VUL,0.48
XML,SD,0.88
ECL,BRR,1.47
YP,ZYR,0.94
HA,MML,0.19
YTL,OT,0.5
VZR,ZM,0.51
JGR,PSR,1.41
IX,MR,0.13
GSR,DI,0.91
NXL,SD,1.02
RLR,UKR,1.48
LO,SU,0.21
ZRR,GML,1.82
IO,GZL,1.04
NCR,GD,1.7
HHR,DRL,1.08
XT,SU,0.4
BKL,EDR,1.57
TOL,UT,1.58
PM,CNR,0.39
OHR,NCR,0.18
CYR,BTR,1.26
CIL,AOL,0.94
MPR,DRL,0.18
MPR,WDR,0.65
FMR,XI,0.85
TU,IJR,1.6
WLR,KIR,1.33
XIR,DFL,0.35
KAL,ZYR,0.47
ENR,JAL,0.48
YPL,IYL,0.48
PJR,BTR,0.36
XHL,FA,0.46
WIL,MZ,1.02
LO,TLR,1.89
XT,WLR,0.93
UP,DFL,0.85
XI,MYR,1.11
CYR,FR,1.15
FKR,UAR,1.47
GML,DVL,0.5
AOL,YDR,1.16
UE,ZRR,1.7
MCL,JH,0.26
IO,JV,0.33
MCL,FUL,1.17
DC,AI,1.16
JRR,VOL,0.21
GSR,GHL,1.34
BRL,UP,1.05
GIL,UKR,0.79
NI,IJR,1.95
PYL,BRL,1.37
ALL,NI,1.37
LEL,SSL,1.15
AX,LX,0.19
OKL,VZ,1.42
NW,GER,0.7
WFL,ISL,1.26
LM,WJ,1.45
AS,GHL,0.56
FXL,RHR,1.94
IAL,GE,1.6
YB,FVR,1.03
MXR,MZ,0.28
UE,BER,0.87
PJR,ZUL,1.77
GYL,UT,1.8
DFL,WI,1.37
BBR,JV,0.67
IPL,EGL,0.87
NCR,PYL,0.99
BRR,HSR,0.93
VZR,UAR,0.44
TOL,PSR,0.43
NCR,YB,0.68
YZL,HJ,0.46
OOL,NXL,0.15
SD,HR,1.44
NPR,VOL,0.28
HW,PM,1.02
HN,NCR,1.38
IX,PJL,0.86
AP,BX,1.99
UKR,SBL,0.37
DRL,HU,1.12
OCR,DVR,0.84
NV,DC,1.57
WPR,YTL,1.97
FVR,MXR,1.59
HER,WJL,0.21
TL,PJL,1.13
CJ,BDR,0.8
YN,DI,1.04
LX,UB,0.51
AE,HFR,1.78
CX,FIL,1.15
AP,TIR,1.51
ECL,IJ,0.99
GF,XEL,1.59
PNL,WDL,0.81
FZR,FN,0.1
IJR,LK,1.3
ASL,XIR,1.71
OCR,JV,1.38
GD,LEL,1.77
DVL,ZZR,1.08
HLL,BWR,1.05
JV,HW,1.41
ES,FR,1.04
VAL,AXL,0.64
WFL,LH,1.48
DML,XHL,1.59
EGL,HYR,0.27
FXL,CIL,1.87
GIL,VOL,0.55
UKR,KOR,1.28
WDL,WF,0.2
GJL,FO,0.74
FFR,KOR,1.82
GE,FZR,1.22
MZL,BA,0.68
UG,PZL,1.1
PSR,SRR,0.55
HJ,IDR,1.05
FMR,MPR,1.74
UT,FJR,0.33
DUL,UP,1.38
XJ,GML,1.51
KM,NXL,1.21
XT,XJ,0.35
TLR,OJR,1.89
BX,PIL,0.38
LB,DFL,0.38
RLR,ISL,0.97
YN,AE,1.02
WGL,ZR,1.12
XUR,XNR,1.88
MLR,HK,1.17
MCL,YPL,1.94
KAL,TBR,1.99
JMR,UG,1.73
WFR,GD,0.6
MDR,XEL,0.66
BX,TFR,0.35
RHR,WH,1.07
TIR,FN,0.26
HN,JOR,0.23
LTR,JR,1.53
UP,WDR,0.45
LEL,IVL,0.84
GBL,HDL,1.81
ISL,VI,0.9
VC,ISL,1.98
JV,PZL,1.78
GML,BD,1.71
SU,HW,1.21
DU,XNR,1.41
JGR,GE,0.71
TJ,WF,0.46
WI,DRR,0.42
FN,KIR,1.35
XEL,UT,1.23
MLR,ES,1.53
CIL,ZCL,0.39
PZL,VI,1.33
UFR,MOL,1.41
AKR,ISL,1.65
HR,WDR,1.22
RRR,VZ,0.97
DML,JR,1.32
SJR,FH,1.61
GYL,UVL,1.35
FUL,HFR,0.2
PIL,YPR,1.22
FO,VW,0.71
XV,EGL,1.59
DF,YDR,1.41
MLR,OOL,0.31
GU,YB,0.46
OCR,SU,1.12
MY,LM,0.77
CNR,XL,0.88
WL,BER,0.99
ZR,JOR,0.76
KOR,BE,0.8
ZYR,DFL,0.75
ML,GIL,1.78
YZL,ZM,0.12
MYR,GBL,1.13
PPR,WPR,0.37
BTR,HN,1.12
GIL,GCR,1.08
JAL,YZL,1.6
BKL,LTR,1.58
PZL,MDR,1.67
GU,OJR,1.18
ESR,DUL,1.55
PM,JH,0.69
VC,CBR,1.64
KAL,BA,1.58
AS,YTR,0.91
VAL,WS,1.61
UG,PM,0.38
NT,PV,0.43
GHL,UP,0.54
LB,AKR,0.87
WJ,AE,1.7
RSR,UB,0.72
YPL,DRR,1.0
AE,NXL,1.83
CRL,MVR,1.12
KOR,OCR,1.3
YUL,VC,1.54
GU,NCR,1.43
AI,FU,0.73
UP,DU,0.39
EER,FJR,1.84
NCR,YB,0.77
GD,ZCL,1.15
FZR,IER,1.77
FZR,GER,1.57
AX,GD,1.47
JRR,TU,0.88
JV,LEL,0.29
KS,WOL,0.11
HSR,VI,1.01
PJR,VJL,1.39
YZL,ZGL,0.22
GML,NV,0.23
MDR,MOL,1.71
DUL,FKR,1.87
TOL,EUR,1.3
ES,HER,0.63
DFL,AS,0.23
PJR,XMR,0.81
ZZR,OJL,0.84
OT,TL,1.54
NXL,EZL,1.5
ZJ,WSL,0.71
DY,TL,0.52
CRL,CJ,1.57
XML,EDR,1.99
WLR,XEL,0.33
HI,GZ,0.15
HI,HU,0.29
AKR,MPR,0.84
GIL,HW,1.35
AXL,IVL,1.92
FH,FMR,1.75
DY,UT,0.63
XL,WLR,0.95
WJL,XT,0.89
PV,BX,0.99
IRL,IJR,1.02
JGR,PM,1.51
IAL,GUL,1.77
GE,UG,0.99
RLR,LO,1.87
XMR,AG,0.54
CJ,AIL,1.71
AX,PO,1.54
EZL,MCL,1.27
JT,ZRR,0.39
AVR,IX,0.13
GZL,PIL,1.14
WFL,DFL,1.26
ASL,BER,1.53
ASL,FUL,0.17
SAR,OJL,0.72
VJL,MYR,0.44
VW,GNR,1.15
WJL,VAL,1.4
DGL,MZ,0.85
ZX,IX,0.92
VZR,HA,1.46
LB,JR,1.13
SE,WOL,1.21
AKR,MZL,1.28
CBR,WDL,0.47
VZ,IRL,1.92
HFR,JV,1.29
AG,AS,0.78
XI,YZL,0.87
GER,TOR,0.6
JR,BER,0.89
NV,SAR,1.23
DVR,TBR,0.98
SE,TU,1.24
VZ,XML,0.77
NPR,NCR,0.71
XI,KAL,1.13
TJ,DI,1.94
XV,XT,0.21
MP,YZL,1.96
GF,DFL,1.24
WH,TLR,0.31
DFL,ECL,0.28
HSR,XML,0.18
GJL,GZL,0.58
ZR,MR,1.68
NT,ALL,0.41
WH,LX,0.24
JO,NV,1.69
CX,AXL,0.94
FN,XNR,1.2
TFR,PSR,1.64
LEL,WOL,1.56
EZL,GCR,1.8
GEL,LB,1.24
WFL,BKL,1.56
DGL,YTL,0.5
NXL,ZGL,1.59
BPR,LB,0.41
IJ,FMR,0.49
HA,ZCL,1.7
WP,XML,1.37
XML,NT,0.54
LXR,FMR,0.7
KG,GSR,0.93
EHL,DC,1.12
SE,KOR,0.18
SJR,IDR,0.42
JO,MF,0.64
XE,FUL,1.12
VC,FXL,1.42
LH,ML,0.22
GER,ZRR,0.74
AS,NW,1.14
GU,BA,0.19
BBR,ZR,1.91
GSR,WDR,1.31
DRL,ENR,1.01
WGL,BDR,1.84
BWR,PIL,1.37
AE,ZUL,0.5
GER,PO,1.64
BE,DF,0.17
ISL,TF,0.8
WGL,YPL,1.56
MZL,DFL,1.62
FA,MF,0.4
EER,JH,1.1
NT,LX,0.14
SAR,TOL,1.58
YB,UT,1.58
WFL,EM,1.48
VKR,ML,0.21
GYL,WOL,1.7
VKR,BRL,1.62
TIR,NW,1.93
VF,FH,0.81
IO,IJR,1.66
DML,NKL,1.64
DRL,DU,0.12
MP,KS,0.46
EZL,BD,0.56
CJ,GD,0.44
IAL,NO,1.37
WPR,MDR,1.97
JOR,FMR,0.44
KM,DC,1.09
ZWL,ZM,1.07
KRR,ECL,1.22
YN,JH,0.28
DGL,RGR,1.15
KS,DVL,0.73
MXR,XV,0.72
ES,VKR,1.48
OOL,HER,0.27
ZRR,IER,0.9
UOL,ALL,0.78
NPR,YDR,1.14
KG,ECL,0.24
ML,DRL,0.46
RGR,PSR,1.14
XUR,AKR,0.52
XT,WJ,1.19
WJ,LK,0.26
JGR,YDR,0.35
VJL,YPL,0.98
XL,DGL,1.91
LTR,AKR,1.43
FJR,LH,0.45
ASL,NCR,0.34
GCR,LX,0.37
CV,YPL,1.38
YTL,WP,0.55
YBL,EGL,1.78
PJR,LB,1.44
WFL,GEL,1.71
JOR,JR,0.88
HFR,RGR,0.8
DVL,GCR,1.75
TLR,FR,1.58
FFR,SJR,0.62
RGR,ZUL,0.43
BBR,MPR,1.14
FXL,XV,0.14
NPR,YTL,1.07
KRR,ENR,0.19
PNL,JO,1.75
UP,AI,0.44
GML,BWR,1.82
PO,IYL,1.1
ML,WJL,1.49
CIL,WF,1.81
JGR,HI,1.19
VAL,XNR,1.38
XV,MR,0.72
WB,TOL,1.15
FR,JMR,1.39
SE,XIR,1.71
BWR,GNR,1.54
WS,GZL,0.26
GZ,BX,0.59
BWR,EER,0.35
VI,ZBL,0.92
PV,WB,0.15
GE,FMR,0.24
JH,IX,0.83
DY,ZT,0.16
PIL,MF,1.26
WI,JOR,1.17
YZL,LXR,1.96
WI,BA,1.38
EDR,WDR,1.3
LUR,RSR,0.81
ES,DD,1.44
WB,YN,1.05
STL,ENR,1.26
UOL,TOL,0.63
UKR,KRR,0.74
HYR,DF,1.18
HI,YBL,1.46
CRL,BWR,0.58
GEL,BA,0.2
MVR,XE,1.33
PJL,WH,1.52
LTR,OKL,1.26
CBR,FH,1.46
PIL,WI,1.98
CYR,SAR,0.47
JR,YTL,0.45
YPR,FIL,0.39
ZWL,EM,0.85
HJ,YDR,0.15
PIL,XMR,0.8
NO,RRR,0.77
RLR,FN,1.65
HHR,ML,0.47
FU,JT,1.71
FUL,PZL,0.19
ES,IDR,1.79
XNR,MYR,1.57
WGL,MVR,1.31
JAL,XL,1.81
ISL,DVR,1.03
WDR,YBL,1.33
HN,MXR,0.17
EZL,OHR,1.28
GU,MDR,0.85
EGL,TFR,1.14
DUL,JV,0.35
MDR,BKL,1.02
LTR,AE,1.31
KOR,DML,1.13
YT,WDR,1.88
UE,KS,0.27
MYR,DVR,1.02
BWR,VKR,1.21
KM,VZR,1.43
NO,KRR,1.56
GHL,YTL,1.58
HR,MR,0.34
GCR,BKL,1.16
PO,OJL,0.54
BD,ZX,0.85
AVR,MR,2.0
MLR,FXL,1.34
ASL,ZM,0.65
TOR,AXL,0.12
ENR,IJ,1.46
ZZR,OJL,0.29
VI,EHL,1.55
HDL,HA,0.44
ES,FVR,0.75
MF,UOL,1.76
CJ,BER,0.89
XUR,AIL,1.23
DVR,FN,1.1
WS,SD,0.66
HK,UFR,0.37
FA,AXL,0.76
GML,GE,1.71
XL,UOL,1.12
KAL,DVL,1.33
BA,ZUL,1.44
ZM,HLL,0.94
GSR,XML,1.87
BTR,RRR,0.47
FFR,CIL,1.53
RGR,ECL,0.99
MML,TIR,1.82
HW,XUR,1.32
GSR,WP,1.43
FU,TJ,1.85
VUL,NCR,1.22
NPR,DU,1.39
VKR,MVR,0.92
PJR,XI,1.82
WDL,BD,1.1
PO,XNR,1.23
PJR,FUL,1.15
AS,FJR,0.59
KS,WOL,1.29
HHR,HR,1.45
WJL,RGR,0.29
FA,WP,1.0
ZRR,YBL,1.05
ZBL,WP,0.3
ZGL,CYR,0.37
EM,VUL,1.43
YPL,SJR,1.9
LK,DVL,1.05
AIL,VAL,1.73
TLR,AG,1.48
BA,DRL,0.62
AP,DUL,1.99
FH,SU,0.99
ML,DGL,0.22
NW,NXL,0.85
SJR,TLR,1.49
FMR,WUR,1.8
YN,DML,1.25
PJL,BDR,0.78
XI,DRL,0.27
ZBL,GUL,0.84
UB,PIL,1.03
XV,CIL,0.31
ZX,PSR,1.83
RHR,GNR,1.3
IO,CNR,1.36
IVL,PJL,1.81
XL,SU,0.12
VI,BE,1.25
HHR,ZWL,0.16
DVL,RSR,0.69
SBL,OJL,1.94
VF,HI,1.84
LK,STL,0.31
DI,XE,1.11
SD,HI,0.63
WP,GEL,1.09
YZL,GD,0.21
GSR,GEL,0.58
FXL,LEL,1.46
CRL,HK,0.75
PNL,VZR,0.96
JGR,KRR,1.49
FN,OT,1.52
LIR,UB,1.43
YT,SD,0.8
HSR,KM,1.75
TOR,ZZR,1.97
ZZR,ZX,0.67
TOR,IO,0.76
VZ,ML,0.78
FN,EGL,1.2
UT,JT,0.62
DRR,MF,2.0
FVR,MVR,1.78
HK,NW,0.36
LEL,WF,1.69
TIR,WDR,1.47
JV,XI,1.13
AE,PIL,1.52
GER,GML,0.82
NCR,HHR,1.12
WOL,LTR,1.41
CYR,KG,0.15
WL,PZL,1.19
WL,FU,0.52
JT,PYL,0.22
NO,PZL,0.19
OOL,CNR,0.74
GEL,IX,1.62
HI,BX,0.35
MCL,NPR,0.98
BBR,DU,1.05
BD,UG,0.22
EUR,AOL,0.59
SJR,ASL,1.18
FZR,GE,1.93
HYR,ZX,0.7
ML,FU,1.96
SD,UAR,1.16
BRR,LM,1.94
MLR,JGR,0.13
MPR,EHL,0.69
NV,KIR,1.59
AG,SAR,0.51
HFR,VUL,1.86
WUR,ML,1.97
CJ,VKR,1.23
WB,UFR,0.36
LIR,XEL,1.72
CYR,VOL,0.79
LEL,AI,1.25
ZGL,YN,1.94
YP,OKL,0.64
RLR,FMR,0.38
NV,VJL,0.35
ZM,AXL,1.44
IER,XEL,1.11
CV,ZWL,0.94
MDR,AIL,0.68
WS,PV,0.24
XEL,YP,1.6
HI,FU,1.82
UE,ML,0.74
VI,NUL,0.31
MVR,KOR,1.01
CV,KIR,1.32
LX,BE,0.72
STL,OJR,1.11
CX,XML,0.69
YZL,UB,1.96
JOR,KOR,1.83
MDR,PYL,0.92
JV,BX,0.62
AS,XT,0.49
ZGL,WIL,0.97
ZUL,YUL,0.37
VZR,AP,0.28
FFR,EER,0.91
AX,NUL,0.87
CYR,OJR,1.61
OCR,IRL,0.47
DML,TF,1.88
WIL,ZGL,1.75
DF,UE,1.7
DC,AKR,1.84
XE,PZL,0.2
AVR,DML,0.62
IEL,DF,1.69
RGR,DD,0.46
DC,IJ,1.1
MF,AG,1.51
OT,OJR,1.57
IJ,ZGL,1.1
YUL,BKL,0.47
HDL,FU,1.44
AVR,HFR,1.48
IYL,PZL,1.61
WL,ZUL,0.34
FFR,ZR,0.81
HER,ESR,1.77
PJL,DU,0.77
VC,BWR,1.05
ASL,ZUL,0.63
TBR,TJ,0.65
UFR,TLR,1.58
GML,JGR,0.67
VOL,UKR,1.32
KOR,DF,1.49
VZR,WF,0.33
ECL,EUR,1.28
OJR,JJR,0.46
YPL,MOL,0.35
ZZR,WB,1.06
GML,ZYR,0.28
GSR,HLL,1.29
CIL,GE,1.9
GML,WS,0.17
LXR,DUL,1.03
ISL,TL,0.8
VC,ASL,1.66
AG,HDL,1.43
WUR,BBR,1.4
JGR,GBL,1.95
YUL,RSR,0.24
NXL,XML,1.23
UFR,AG,0.99
JR,TJ,1.35
ASL,SAR,0.5
MVR,YTR,2.0
ENR,KG,0.75
HA,BE,1.1
NCR,BRL,1.76
IRL,HI,0.91
XV,AS,1.46
ML,HHR,1.92
FMR,MZL,1.51
WJ,GU,1.32
VUL,IVL,0.12
JO,NXL,0.69
BE,MCL,1.17
AG,ZM,0.36
MF,XT,1.99
FKR,TJ,1.89
CJ,EGL,0.95
IYL,WAL,1.71
RSR,TLR,0.36
GUL,VJL,1.31
MDR,UP,0.84
HSR,GIL,1.27
FN,FH,1.18
OHR,IO,1.93
IX,HHR,0.18
WGL,IX,1.18
BA,XML,1.1
BRL,EZL,1.76
SAR,WIL,1.9
DUL,ZZR,1.53
IVL,MZ,0.57
ZBL,KAL,0.61
JV,EZL,0.52
WIL,HRR,0.95
DD,WF,0.9
LB,WFR,1.52
HYR,TIR,1.05
MOL,JOR,1.2
JH,GZL,1.05
GE,HA,0.84
TOL,XNR,1.55
WJL,GYL,1.37
PJR,XMR,1.56
LX,BKL,1.24
RGR,JMR,0.92
WL,VUL,1.06
JR,DRR,0.62
VZ,WPR,0.68
MR,SE,0.21
BRL,XMR,0.22
EM,FU,0.56
AI,PIL,1.81
ES,JR,1.59
KS,BRL,1.62
WF,IEL,1.52
YTL,WUR,0.6
DML,JR,1.07
NKL,JO,1.93
ESR,GSR,1.13
HDL,YP,1.27
DRL,OJR,0.76
UE,IJ,1.49
SJR,FH,1.4
MP,FMR,1.72
TBR,AXL,1.98
WJL,FU,0.38
GCR,LX,0.45
GIL,HLL,1.56
UVL,WSL,1.8
GEL,LEL,1.86
GZ,VZR,1.98
JH,ESR,1.96
BD,JR,1.52
JGR,FR,1.98
HK,WSL,1.38
IPL,SRR,1.14
WFL,BBR,0.62
MDR,NUL,1.48
WPR,YPR,1.53
CRL,GIL,1.44
CBR,IO,0.97
FO,LM,0.53
TU,HU,1.49
XV,RRR,0.98
TL,IDR,0.38
MXR,BRR,0.58
TOR,JT,0.5
ZWL,STL,1.54
NT,GNR,0.14
YPR,HDL,0.92
WJ,GZ,0.57
MVR,BE,0.12
VC,KIR,1.27
HK,XUR,0.64
FR,WUR,1.67
CV,IX,0.7
GML,IER,0.42
HN,KOR,1.66
WH,KIR,1.99
HR,GYL,1.06
IJR,JT,1.65
AI,EZL,0.5
ML,SU,1.83
HFR,DD,0.78
ZZR,XNR,1.58
CX,IX,0.97
VKR,DF,0.6
FVL,HYR,1.71
GBL,SE,0.51
BE,EER,1.7
RLR,TJ,1.34
KM,JGR,1.7
YT,UFR,0.73
MML,WSL,1.34
BER,MZ,1.37
LTR,JGR,1.65
YTL,NI,0.56
IRL,LB,1.5
MR,RRR,0.6
GZ,FVL,0.3
LX,ML,1.87
MDR,AKR,1.38
ZWL,UG,1.66
WOL,PIL,0.68
TF,ZUL,1.03
WSL,CIL,0.9
GZ,XV,0.44
GZL,ENR,1.2
YPR,XL,1.31
FKR,IPL,0.18
ZT,EGL,0.12
LEL,DML,1.77
PPR,MDR,1.96
JGR,JJR,0.56
EUR,ZM,1.36
GF,ISL,0.81
WPR,YT,0.67
DD,OKL,1.71
ESR,UKR,0.45
CDR,LUR,1.61
PO,KRR,0.33
LXR,GD,0.91
FKR,DRL,0.22
RRR,KIR,1.39
GSR,WFL,0.33
ZR,FFR,0.12
BRL,BRR,1.48
DF,UG,0.73
FR,GF,0.91
MP,SE,0.3
JH,FO,0.39
WSL,RGR,1.66
NXL,WH,0.28
YDR,GU,1.12
LXR,GER,1.31
CZL,TJ,1.83
FMR,GZL,1.14
MML,IX,1.65
VC,BER,1.05
WF,LX,1.31
OJL,VC,1.91
HRR,EDR,1.58
IDR,EGL,1.69
EGL,IRL,1.73
SJR,GHL,1.49
JOR,UOL,1.53
FFR,RLR,1.02
YP,GYL,1.21
WDR,ENR,0.71
FJR,ESR,0.86
XI,VW,0.14
ASL,UP,0.12
DGL,UFR,1.62
HA,HU,1.41
HJ,VF,1.37
STL,JOR,0.83
HA,WB,1.04
PZL,VJL,0.6
XJ,PSR,1.11
BE,JO,0.88
SSL,YT,1.71
NUL,WPR,1.89
BRL,IO,0.85
ZBL,PO,1.68
SD,BA,1.63
RRR,CNR,1.05
DFL,JJR,1.06
YBL,HN,0.68
FUL,FFR,0.94
BA,ZR,0.97
GJL,UB,1.53
FZR,FFR,1.82
FVR,BX,1.4
JO,FKR,1.85
PYL,UB,1.18
WFR,WS,0.28
SRR,HYR,1.77
FKR,GBL,1.75
JOR,AI,1.53
MF,FU,0.52
SSL,ZYR,1.7
FO,MF,1.39
AIL,VUL,1.91
OJL,HYR,0.37
YDR,AS,1.14
XT,GZ,0.25
GZ,WFL,0.29
TBR,WJL,0.15
WFL,JRR,0.13
BA,IPL,1.89
LX,AXL,1.6
HFR,WF,0.34
ZYR,IEL,1.75
WFL,ZWL,1.1
CX,JRR,1.57
ISL,WH,1.13
MDR,WP,1.3
CDR,WI,1.93
VZ,FO,0.52
KG,IEL,1.74
GD,OKL,0.37
JOR,WUR,0.97
UFR,LM,0.16
VI,FA,1.3
TOR,SRR,0.97
IDR,BPR,1.98
NT,IDR,0.95
MZL,WP,1.31
UAR,SE,1.56
MVR,VZR,1.16
MY,CZL,0.69
DU,OOL,1.47
OOL,BKL,0.99
GSR,OJR,0.15
UP,WP,0.46
ZCL,BDR,0.68
FH,HFR,0.84
GML,UB,0.72
OKL,XL,1.59
IAL,BER,0.63
HA,ZJ,1.28
XIR,OJL,0.89
HYR,AVR,1.39
DRR,AOL,0.81
ZRR,MML,0.72
CYR,MXR,0.95
BA,PO,0.92
DU,FUL,1.26
AXL,SU,1.35
WJL,HHR,0.6
KRR,FMR,0.29
NKL,CYR,1.3
OJL,MML,0.33
DF,SSL,1.86
FH,OKL,1.68
HW,GHL,1.85
NW,KRR,1.39
IJR,CRL,0.84
VUL,CV,0.82
AI,FZR,1.27
GJL,WI,1.67
VOL,AG,1.66
LEL,GCR,1.16
SSL,VUL,1.45
VF,DY,0.19
DVL,BWR,0.55
SSL,TOR,0.44
NT,WFL,0.3
IEL,EDR,0.99
ZM,OCR,1.94
UE,XNR,1.21
ZM,ZR,1.66
ML,FA,1.86
LAL,HJ,1.7
TF,XL,0.77
XHL,AXL,0.62
AVR,LX,0.69
TOR,SD,1.34
MYR,ZJ,0.27
ENR,XI,0.36
WAL,JH,1.08
JRR,LH,1.74
HR,KOR,0.25
CX,BA,1.07
XHL,ZR,1.09
WGL,PO,1.81
RGR,SD,0.47
RGR,HA,1.79
VJL,FIL,0.22
IDR,NXL,1.9
SBL,LTR,1.38
CJ,ASL,0.47
UP,YP,0.64
DVL,FMR,1.72
RRR,XEL,0.59
YPR,DU,1.96
DUL,VOL,1.26
DUL,DRR,0.56
VUL,SRR,1.85
CJ,YB,0.86
ZYR,AIL,1.6
JT,SAR,0.88
FXL,EGL,1.68
UAR,BD,0.49
SJR,SE,0.94
PO,HA,0.59
TLR,KAL,1.6
LH,FR,0.62
BKL,XJ,1.27
GE,XL,1.7
IX,DUL,0.98
XMR,TL,1.56
BWR,XT,0.95
ALL,XIR,0.59
GJL,YPR,1.03
GEL,ZR,1.11
NKL,DRR,1.88
JAL,WL,0.8
GBL,JMR,1.48
ASL,SU,0.64
UKR,TIR,0.55
YP,WSL,1.4
RRR,FKR,0.26
EM,DVR,0.47
DRR,DRL,1.06
WUR,ZBL,1.7
FVL,KIR,1.13
WOL,UKR,1.18
DU,FH,0.94
LUR,CZL,0.17
PSR,FO,1.82
ZWL,AVR,1.72
MXR,OCR,0.79
TIR,HK,0.63
XNR,TL,1.7
JRR,HSR,1.11
PZL,RRR,1.15
TFR,CNR,1.28
IDR,GJL,0.64
SD,PSR,1.11
YUL,GE,0.67
AE,ES,1.73
ZX,ISL,1.66
LB,FJR,0.69
JO,XIR,0.32
BPR,WFR,0.84
KS,GBL,1.84
VKR,DD,1.44
ESR,PM,0.73
LO,SU,0.13
BRL,XJ,0.53
UAR,UG,0.76
CX,MZ,1.13
TLR,LO,1.94
JR,FH,0.32
DVL,XL,0.88
ALL,GF,1.73
LX,YP,0.94
UKR,GZ,1.04
UOL,JMR,1.65
YTL,MXR,0.49
IVL,NT,1.34
UT,SBL,0.25
CZL,LK,0.29
NO,LTR,0.64
FFR,HDL,1.02
GNR,BE,1.28
ZM,IYL,1.95
HFR,DGL,1.18
KIR,AIL,0.64
FO,DY,1.15
DUL,AX,1.06
WPR,RHR,0.34
AG,IX,0.56
UG,IVL,0.64
HU,UAR,0.55
RLR,WDR,1.98
TU,GD,1.85
YP,IPL,1.67
SAR,UOL,0.85
XV,CBR,0.62
CYR,VZR,1.18
TOR,DC,1.61
SSL,SAR,1.61
CDR,WIL,1.94
ML,VF,1.94
ES,ISL,0.23
RGR,FMR,1.98
AE,ESR,0.61
FZR,GJL,0.72
NO,GF,0.68
GYL,JJR,0.26
CZL,FFR,1.27
MOL,XMR,0.39
PJL,BE,0.41
NT,ZX,0.35
YT,ECL,1.38
VJL,BE,1.88
GJL,JJR,0.86
BBR,FO,0.62
VZR,OJR,0.7
BE,MP,1.5
TJ,JR,0.9
IJ,RSR,0.69
AP,NO,0.62
SU,GML,0.52
OJL,CX,1.29
JRR,PYL,1.04
MY,HK,0.19
RLR,JAL,0.78
LO,MZL,0.66
FVL,TF,1.4
DC,DD,0.18
FMR,BRR,0.9
DVR,KM,0.59
WH,PM,1.0
SD,UG,1.12
IO,WAL,1.65
JT,HSR,1.81
PZL,GJL,1.72
ASL,RHR,1.17
DI,FH,1.71
MVR,HYR,1.25
CNR,CX,0.74
MML,MVR,1.84
WPR,DFL,1.5
EM,GJL,0.43
RLR,RGR,0.32
GD,FH,1.1
PIL,ZRR,1.38
AX,WLR,0.4
IRL,WH,0.37
ISL,HYR,1.53
EDR,RHR,1.01
CBR,SAR,1.7
SD,WP,0.96
WFL,JRR,1.9
HHR,TL,1.12
SJR,XJ,0.57
TOR,YDR,0.18
IAL,MF,0.16
RLR,ZM,1.9
UKR,NO,0.79
KAL,ENR,1.99
ECL,DFL,1.95
GIL,UE,0.2
VZ,RRR,1.83
MOL,LK,1.98
CIL,PO,0.97
NO,HHR,0.14
FMR,BA,0.19
MYR,JRR,0.79
OJL,YBL,1.46
YPL,AG,1.0
DUL,DI,0.8
BTR,PM,0.18
LUR,DVL,0.46
ENR,GML,1.47
MCL,LH,0.93
EGL,PIL,1.68
PYL,HYR,1.19
BBR,TFR,1.62
JJR,MP,0.21
LM,ZUL,1.98
XMR,TF,0.16
JH,PV,0.87
PPR,MY,0.42
HU,PM,0.99
WJ,KG,0.82
LX,LK,1.79
VF,VOL,0.32
WOL,UP,1.79
XHL,ES,0.99
ENR,NKL,1.27
NV,YB,1.49
ENR,IX,0.18
ZR,FO,1.73
BPR,ZUL,0.33
EER,BE,1.5
VAL,XMR,0.65
RSR,OT,1.91
IER,CYR,1.76
IER,JO,0.82
TF,FZR,0.86
CRL,GZ,1.49
YPR,HFR,1.76
MY,GZL,1.63
DY,AI,1.37
MF,MP,0.59
WJ,GML,0.63
VC,DGL,1.57
PPR,UAR,1.1
SE,VZR,0.88
VKR,AX,1.98
CX,KAL,0.74
VAL,ENR,1.35
NO,CNR,1.26
WDL,YPR,1.04
AIL,OT,1.38
YN,UG,0.92
DC,ECL,1.02
DRR,DI,0.58
HU,ASL,1.81
LIR,TBR,1.7
PM,VUL,1.95
MPR,TLR,1.44
GUL,GCR,1.89
BE,BA,0.96
SAR,SD,1.38
TOL,BWR,1.42
UG,MZ,1.57
BER,ZZR,1.46
MP,WOL,1.44
NKL,DU,1.97
MPR,DUL,0.13
RLR,BDR,1.12
BER,ECL,1.66
PO,MZL,0.43
MDR,MVR,1.54
NPR,SSL,1.2
WI,GSR,1.44
TLR,SRR,0.49
UT,VAL,0.43
NW,JJR,1.55
PSR,VW,0.56
GML,FMR,1.05
DGL,XEL,1.23
WDL,MVR,1.61
RSR,PZL,1.02
JOR,UP,1.47
GML,IDR,0.77
LTR,MF,0.31
TBR,LUR,0.88
FUL,FA,1.36
GCR,VI,0.3
GU,WGL,0.99
BWR,FA,1.37
CRL,FUL,1.11
GNR,HFR,1.46
WGL,BRR,0.9
OJL,DI,0.92
IDR,NXL,0.71
PJR,CIL,1.89
WFL,SD,0.45
GHL,JV,0.66
KG,GSR,1.67
XL,UP,0.42
TFR,YT,0.14
FVL,WP,0.76
MXR,CRL,0.61
GNR,XHL,1.49
TLR,EUR,0.14
KG,HLL,1.71
DRL,JO,0.35
HHR,DF,1.56
PYL,FO,0.5
EGL,LK,0.83
RRR,SJR,0.93
KG,PJL,1.61
DML,ZCL,1.28
XML,WFR,1.66
FUL,HK,1.54
IX,EDR,0.17
BWR,WF,1.7
BA,PIL,0.86
NO,DD,0.62
EGL,CYR,0.65
VC,GE,1.34
AX,CRL,0.26
XNR,MVR,0.7
YB,YP,0.79
RLR,XEL,0.68
NKL,HLL,1.23
NV,NUL,0.15
WOL,PJR,0.13
VJL,TBR,1.7
CIL,GE,0.75
JR,FN,0.22
ALL,GIL,0.93
GIL,IAL,0.45
WL,PYL,1.16
OJR,NW,1.14
IO,MR,1.5
FZR,WOL,0.23
KOR,RRR,1.37
VF,ESR,0.24
BKL,DML,1.54
CV,ZJ,0.36
MOL,ESR,0.71
ECL,CZL,1.09
NUL,GNR,0.22
MZ,LXR,1.47
FVL,RRR,1.67
PIL,TOR,0.39
AI,MP,0.26
FH,VW,0.23
WLR,GEL,0.88
HFR,FVR,1.52
BTR,RGR,0.75
ZT,FJR,1.31
HN,FA,0.37
MZ,VI,1.14
FMR,VZ,0.64
WJL,VZR,0.5
HA,LAL,0.5
IX,DY,1.66
FVL,FUL,1.52
UKR,DML,0.98
FUL,SAR,0.32
SRR,ZM,1.08
HJ,VC,1.53
ASL,AI,1.15
SAR,YTR,1.13
TOR,JR,0.57
MLR,TJ,0.15
ZX,NPR,0.77
VKR,ECL,0.12
DY,NO,1.81
CZL,ZZR,0.52
YPL,ES,0.57
ESR,FH,1.28
GYL,UFR,0.58
EDR,YPR,1.85
PM,HN,0.96
WB,KM,0.15
BE,CV,0.77
LO,VC,0.33
AVR,ZWL,0.3
OKL,WLR,1.15
OJR,AOL,1.31
BE,MP,1.11
ESR,JR,1.93
AI,UB,0.36
RGR,SBL,1.43
ENR,IX,1.8
NUL,LIR,1.45
ECL,ZYR,0.31
RGR,ESR,0.79
ZUL,RHR,0.45
XL,NI,0.33
YDR,PJR,1.11
VZR,LB,1.34
SD,YN,0.59
WPR,HDL,1.33
STL,WF,0.83
WFL,CV,0.12
MY,BX,0.45
AKR,EDR,0.99
HER,TF,1.61
VAL,AOL,1.24
HLL,IJR,1.55
FR,WH,1.88
XEL,ZM,1.79
GHL,RLR,1.9
NUL,JRR,1.09
UE,HA,0.19
AS,BTR,1.47
AG,LX,1.76
BRR,ZZR,0.3
WP,ZUL,0.74
WF,LTR,0.46
YPL,OCR,0.57
OJL,EHL,0.87
HER,GML,1.5
HK,WSL,0.11
DGL,FN,1.08
TIR,CDR,0.5
YDR,MR,1.96
WPR,LAL,1.78
CV,NUL,0.29
UB,IVL,1.16
CV,RRR,0.81
SE,VW,0.3
ZT,XT,1.82
ZZR,BPR,0.28
GZ,HFR,0.71
UKR,WSL,1.59
AXL,CRL,0.65
DU,HW,1.72
SD,YTR,0.99
ZM,RHR,0.62
GF,YB,1.24
RGR,MF,1.18
MVR,RSR,1.04
LX,NW,1.42
BPR,GZ,1.34
UAR,GBL,0.39
AVR,DY,1.31
KS,HHR,1.37
WL,GZ,1.84
SAR,IDR,1.4
JO,GML,1.82
FVR,AI,0.5
GHL,FJR,1.63
WAL,FR,0.2
XHL,EDR,0.18
HA,HRR,1.3
JT,BWR,1.62
WF,ZYR,1.85
BE,PV,0.94
DY,RSR,0.52
YPL,SSL,0.85
JH,ZRR,1.77
UG,FVL,0.83
FN,HW,1.04
UVL,WUR,0.84
MLR,FJR,0.25
MZL,BRL,1.28
TU,SD,0.92
PIL,YUL,1.62
OKL,AKR,0.15
NKL,EGL,1.29
WPR,GCR,1.98
UFR,KAL,1.4
AE,YZL,0.23
HRR,DF,0.26
CJ,MY,0.44
NW,MYR,0.69
NO,AG,0.5
JMR,DGL,0.81
IYL,FO,1.35
YP,LIR,0.59
MOL,OOL,1.12
WJ,HN,0.28
FUL,HA,0.86
LAL,NXL,0.27
FO,JRR,0.82
AOL,CRL,1.68
WLR,BWR,0.12
BX,GEL,0.11
UE,BPR,1.13
NCR,WPR,0.16
EZL,AP,1.52
VAL,ES,0.85
GJL,VC,1.37
RRR,PJL,0.37
YTR,GEL,1.38
TL,JR,1.51
MOL,KM,1.49
VKR,LAL,1.1
CIL,BX,1.33
HJ,PJL,1.1
WJL,UFR,1.72
XUR,WF,1.01
YDR,BTR,0.51
BKL,MDR,0.19
WFL,AOL,1.46
KIR,AP,1.55
ML,AS,0.32
BBR,GHL,1.1
VUL,DRR,1.79
PIL,WFR,1.0
FIL,SAR,0.7
FH,YBL,1.57
BTR,NPR,1.54
GIL,YN,1.27
WF,HHR,1.32
YT,KIR,0.91
YZL,MF,1.34
JOR,OJR,0.43
KAL,MLR,1.47
VF,CNR,1.75
PZL,FR,1.77
IEL,EUR,1.26
ISL,IEL,0.37
HU,DC,1.59
RHR,CJ,0.83
YTL,PNL,1.48
LK,PM,1.39
BD,WDL,1.32
IPL,ZX,0.28
IEL,KRR,1.7
PJR,ENR,1.88
ALL,YT,0.19
ZWL,DRR,1.32
VZR,KRR,0.58
MDR,JRR,1.63
LH,DUL,1.72
KRR,WJL,0.77
YN,PNL,1.85
WSL,RSR,1.98
HU,LEL,0.7
ZBL,VI,1.56
WSL,PJR,1.08
LM,XNR,0.99
HJ,NI,0.3
FO,NO,1.52
HDL,UG,1.51
ES,BKL,0.52
LUR,TF,1.92
ZGL,TOL,0.85
FU,GIL,1.94
JRR,BBR,1.02
SRR,WI,0.68
AP,BER,0.19
MOL,CJ,1.91
STL,WP,0.72
RGR,FH,1.42
VJL,JRR,0.34
VJL,FZR,0.55
RSR,JMR,1.35
GUL,LIR,0.49
YT,GJL,0.12
BPR,BDR,0.98
CNR,KG,0.49
WL,PNL,0.44
UT,UE,0.11
HI,NW,1.94
XUR,MCL,1.13
VAL,PM,0.59
UOL,JRR,0.83
JOR,DML,0.32
DD,DF,0.95
LAL,IJ,1.36
AVR,YUL,1.64
LAL,CBR,0.88
NT,CZL,0.91
MPR,SSL,0.7
IDR,PNL,1.05
STL,BER,0.71
DC,NW,0.96
YDR,SD,0.43
KM,NW,0.37
IPL,YT,1.01
EDR,PZL,0.41
PM,WP,0.13
ZGL,NI,0.2
RLR,MDR,1.5
FO,HRR,0.64
ZWL,UAR,1.26
DVR,PO,1.07
FN,MYR,0.29
PZL,PJR,0.97
GNR,JR,0.78
JT,YDR,0.51
LEL,DI,1.34
BBR,AKR,0.78
CX,CRL,1.47
CX,FN,0.34
TLR,LH,0.37
AIL,ZT,1.26
RGR,IVL,0.49
JOR,SD,1.13
ZCL,PV,1.59
CDR,GYL,0.55
GHL,ZRR,1.74
CRL,ZCL,0.77
OKL,DF,1.72
GU,WL,0.15
GE,YPR,0.15
YZL,STL,1.53
HFR,JGR,1.52
RGR,CDR,1.71
NV,TF,1.08
GML,JV,0.29
BWR,CNR,1.71
BA,NXL,0.28
BDR,MZ,1.09
DC,LO,1.13
MXR,MCL,1.34
OKL,IJR,1.97
VOL,NPR,1.57
ENR,BE,0.34
WB,XI,0.32
TOR,YTL,1.95
EHL,RRR,1.18
EER,TLR,1.89
DUL,GSR,1.15
RHR,TBR,1.8
WGL,AP,1.85
VZ,YDR,0.9
CZL,TJ,0.62
ZR,ENR,1.36
UP,GZL,1.91
DVL,RSR,1.91
WLR,SE,1.8
HN,NPR,0.35
MR,FFR,0.18
WS,WUR,0.32
EM,HR,1.38
ES,EHL,0.67
RRR,MXR,1.29
NW,MYR,0.39
MVR,EZL,0.21
VOL,MOL,0.86
ZYR,TOL,1.91
TBR,JO,1.48
XEL,ZBL,0.58
KS,DI,1.77
STL,WB,0.59
EHL,JH,0.78
VKR,SBL,1.86
AS,ESR,1.89
XML,SJR,0.44
DVL,HRR,0.38
LXR,YPR,1.46
UG,GIL,1.32
ENR,ASL,1.28
XML,TOR,0.48
AE,GBL,0.51
HN,DML,1.67
CNR,XL,0.27
CBR,XHL,0.27
LK,TLR,0.38
FR,EDR,1.48
WSL,CX,0.68
FO,LH,0.68
LX,EER,0.34
PYL,JRR,1.74
PJR,MML,1.33
YPR,CBR,0.42
YP,FU,1.24
ENR,PIL,1.91
XML,GZ,0.26
PSR,TF,1.83
ZBL,AKR,1.87
ENR,HYR,1.85
DI,MLR,0.83
FMR,ENR,1.4
NT,GHL,0.68
MY,ZBL,0.45
XL,ZRR,0.62
HYR,UAR,1.25
UKR,TBR,1.31
AIL,PSR,1.47
OCR,KM,0.21
LM,VUL,0.15
PSR,CDR,1.82
NXL,DF,1.88
VW,FN,1.14
SD,AX,1.53
ZR,GZ,1.48
WJ,HSR,1.26
AIL,JV,0.13
VI,SJR,0.96
HI,SE,1.21
CV,FN,1.54
WS,ZT,1.89
XUR,OJL,1.94
ZRR,WP,1.17
PPR,VI,0.79
FO,NV,1.61
JT,IJR,0.16
UVL,EZL,1.16
BER,ASL,1.99
CIL,DRR,1.31
LXR,WS,0.76
ZR,HYR,0.56
IRL,WDL,1.29
GD,ECL,0.58
WB,HSR,1.18
DU,PM,0.17
MYR,MVR,0.88
ZCL,WLR,0.66
FFR,WB,1.42
CZL,WFR,1.24
GHL,MR,1.99
MR,DU,0.87
LX,NXL,1.12
HK,VOL,0.41
DRR,FUL,0.36
YUL,NXL,0.19
PV,AP,0.16
BRR,IPL,0.26
GZL,XT,1.54
WLR,BBR,0.64
VC,ES,0.4
XIR,HA,0.77
UAR,FH,0.94
YTL,JT,1.41
GUL,MP,1.26
SU,GNR,1.19
YDR,OOL,1.02
WI,IEL,0.23
CNR,LUR,1.42
OJL,PIL,1.64
MZL,NXL,1.67
HI,TOL,1.57
XV,YB,1.17
BRR,ASL,1.89
WUR,WGL,1.02
YPR,DVR,0.8
WDR,DUL,0.64
GML,SD,1.73
MZL,WFR,1.05
FJR,LUR,0.61
PO,WF,1.02
IVL,BDR,0.18
IVL,XJ,0.27
KOR,TJ,0.22
AIL,VC,0.62
BRR,JR,1.83
FU,FN,0.55
WDL,RLR,1.28
WDR,GUL,1.01
OJR,XUR,0.77
VUL,ZRR,0.25
IPL,SSL,0.69
LO,IPL,1.15
GEL,VF,1.54
WUR,RHR,1.35
WF,WDL,1.68
MYR,IDR,1.07
WJL,FZR,0.14
GEL,HK,1.92
XL,ZM,0.99
FVL,HI,1.59
GU,EGL,1.65
CBR,KOR,0.6
ZJ,WL,1.32
XT,UFR,0.83
CV,AI,1.0
VZR,MCL,1.82
BD,NCR,1.63
SBL,PV,0.97
OOL,LXR,0.39
VZR,OHR,1.98
DRR,BD,0.59
LK,STL,1.21
ZRR,XI,1.0
NPR,MZ,1.46
WDR,BTR,1.06
RGR,KAL,1.09
PV,MLR,0.3
JV,LEL,0.91
DY,VI,1.07
DI,ZWL,1.12
RHR,WS,0.9
EM,SSL,0.68
IO,XE,0.55
CDR,UFR,1.71
FVL,LB,1.49
BRL,KS,1.67
MXR,WF,0.93
XML,KIR,1.96
YDR,OJR,1.18
GZ,GNR,0.35
ZBL,BD,0.51
WJL,SBL,0.44
KIR,IER,0.47
TBR,RSR,1.99
MYR,DRL,1.23
DRL,GF,0.42
WUR,GZ,1.07
ZX,EUR,0.51
YPL,MZ,0.71
RSR,DD,1.87
HI,CV,0.14
EHL,BTR,0.77
WS,GBL,0.33
NKL,SAR,0.76
BA,BDR,0.99
EUR,AXL,1.71
GCR,WFL,0.59
UP,FR,1.85
ZZR,MXR,0.3
VC,ECL,1.08
AS,YPR,1.46
KAL,KOR,0.47
GF,LTR,0.63
MVR,EZL,1.82
AS,TU,1.82
TL,CDR,0.82
HLL,GSR,1.29
HN,PO,0.79
GYL,YBL,0.35
SD,FKR,1.8
GNR,DI,0.51
PSR,ZT,0.17
NUL,PJL,1.66
XMR,WI,1.88
XIR,BRL,0.87
WSL,ECL,1.87
LEL,UP,1.41
FJR,WOL,1.99
JR,JMR,1.81
FH,SBL,1.01
BE,NKL,0.88
WIL,NI,0.38
ZWL,BTR,0.14
FMR,YTR,1.42
LUR,ES,1.56
FJR,DGL,0.77
DU,YPR,0.74
TJ,BBR,0.13
GCR,NI,1.06
JH,MZL,1.71
VJL,FO,0.95
MLR,XT,0.38
MP,DVL,0.22
MVR,RHR,1.77
WPR,FO,0.82
VC,WB,1.07
DI,OOL,0.85
IVL,MF,0.22
SU,UB,1.03
GJL,LUR,1.63
FH,ZX,0.3
HYR,WOL,1.8
AKR,XIR,1.95
MYR,MF,0.2
XMR,FVL,1.71
WJL,IO,0.87
GBL,ISL,1.93
KG,GF,0.97
FU,GF,1.59
BBR,RGR,0.4
WDR,ZCL,0.31
JMR,TLR,1.07
UAR,OJL,0.12
XV,JT,0.78
ISL,YDR,1.51
ZGL,HLL,1.5
WP,FH,0.96
CRL,ALL,0.55
LH,WLR,1.46
CV,YN,0.16
WFR,VW,1.99
FXL,WS,1.0
TOR,GSR,1.63
XL,NUL,0.81
AVR,STL,0.37
ZR,XE,0.1
JAL,BDR,1.96
MXR,BTR,1.57
ALL,IEL,1.36
DF,RSR,1.67
CZL,AVR,1.91
WDL,TL,1.28
ISL,JMR,1.79
YZL,YTL,1.72
MY,TOL,0.47
HA,TFR,0.41
VC,BX,0.22
XNR,IDR,0.41
MXR,TIR,1.98
DD,MY,1.2
SSL,HN,1.8
FKR,FA,0.6
GZL,PPR,0.35
UKR,GNR,1.29
FH,PIL,1.91
DUL,GYL,0.56
PSR,DML,1.27
VC,FH,0.46
WL,NT,0.28
JH,MZL,0.79
ZT,OJL,0.31
LUR,DVL,0.22
UKR,TF,0.63
LK,DC,1.48
GZL,GCR,0.65
MOL,TF,0.2
SJR,HN,0.23
AVR,VC,0.2
FKR,GYL,0.93
AI,SJR,1.16
XT,SE,0.85
HR,KRR,0.32
XHL,TLR,0.25
BWR,CX,0.75
ZX,OHR,1.05
ASL,BKL,1.11
OOL,CNR,1.16
UG,FO,1.54
RLR,OJL,1.93
KOR,TLR,0.71
FVR,BE,0.18
SRR,HK,0.93
BE,VC,0.96
WGL,GF,0.67
OHR,ML,1.57
FN,RRR,1.69
DVL,ZYR,1.64
CRL,JOR,1.8
GER,DRL,0.36
BRR,ZWL,0.63
WUR,DRL,1.92
FA,TOL,0.8
KAL,FFR,1.82
HDL,CBR,0.83
OOL,GD,0.65
MML,STL,1.7
VI,SJR,0.11
HK,CX,1.98
WUR,WAL,0.98
TL,EM,0.79
BTR,XI,0.74
YP,BX,0.85
TF,IDR,0.2
LAL,XI,1.83
UKR,MPR,0.72
WDL,HU,0.68
XHL,PPR,0.48
LH,YB,0.55
IRL,WAL,0.59
ZM,AIL,0.23
KG,ML,1.65
IRL,ZWL,1.78
KG,TIR,1.56
ES,TJ,0.63
SRR,XT,0.62
DVR,WDR,0.24
PSR,FN,0.67
HYR,NKL,1.71
FJR,AP,0.32
ZR,BBR,0.95
CRL,DU,1.12
LIR,YDR,1.07
IVL,HU,1.6
FIL,WPR,0.66
TL,BER,1.1
CZL,PZL,0.67
FH,IRL,0.42
GNR,FO,1.61
IER,TU,1.95
DRR,LTR,1.14
STL,UOL,0.73
VUL,WUR,1.71
AKR,MPR,0.13
MML,VW,1.42
EM,GJL,1.65
IYL,DGL,1.06
FXL,YN,1.23
ZZR,GE,1.89
PJL,GER,1.6
AOL,RRR,0.51
PIL,ZGL,0.21
PV,YN,0.96
FR,YN,0.86
ZJ,LK,0.7
DFL,FN,0.57
ZT,AS,0.96
HW,JAL,1.36
RHR,PIL,1.32
PSR,STL,1.64
XNR,HER,0.39
FJR,WFL,1.6
KG,LUR,0.28
WAL,FR,1.75
OKL,YPR,0.86
JOR,OJR,0.46
MCL,JV,0.13
UVL,HFR,0.74
XL,WB,1.56
ZGL,CRL,1.61
XMR,NUL,1.28
MDR,CX,1.65
VJL,GER,0.82
HLL,ZCL,1.71
PYL,WSL,1.76
CZL,LXR,0.36
PM,EM,1.3
SD,DVR,0.8
GZ,DUL,1.17
JMR,WP,1.4
SRR,LM,0.2
GEL,HA,0.69
EZL,SSL,1.37
CJ,XJ,1.77
BA,ZR,0.87
XE,XL,0.78
YDR,LUR,0.83
SE,MYR,1.28
SSL,FN,0.5
KRR,HDL,0.86
KRR,WUR,1.94
ML,NXL,1.52
DY,GNR,1.39
JT,WDR,1.77
WGL,AXL,1.31
LB,ENR,1.93
XE,FU,1.15
SU,VW,1.12
HLL,HN,0.41
KIR,ZWL,0.75
TIR,BWR,0.9
BD,ML,1.53
FO,GHL,0.9
JAL,GHL,1.39
ZR,NUL,1.91
RGR,JRR,1.85
JJR,JH,1.67
IJR,LXR,1.22
AG,PO,1.0
IX,VC,0.94
SRR,EER,0.12
EGL,ZRR,1.19
FN,ES,0.83
DRR,WGL,0.18
SRR,FO,0.44
YB,HYR,0.45
BX,HW,1.57
IO,ZYR,0.31
OT,FJR,0.77
XIR,CBR,0.21
ESR,GBL,0.51
OOL,RGR,0.46
IJ,HSR,1.53
DML,XE,0.53
DU,VF,1.07
JAL,KRR,0.86
FXL,VC,1.65
MDR,IO,0.3
LAL,IEL,0.44
KS,FA,0.26
LX,GE,0.37
GD,YTR,1.7
HN,FN,0.51
CV,GZL,1.33
GML,VZ,0.29
WB,RGR,0.77
UOL,RRR,1.79
FXL,VUL,1.54
OT,PPR,1.49
LH,GE,0.96
FVR,MXR,0.81
PO,XML,0.76
ZX,TL,1.69
GD,ASL,1.87
NUL,UT,1.88
IJ,TIR,0.26
ML,GJL,1.14
MZL,FUL,0.64
GD,XE,1.3
JR,CIL,0.84
AS,HLL,0.74
XT,YUL,0.88
KRR,PJR,1.98
UOL,MML,1.48
NKL,BRL,0.43
DFL,ML,0.13
XJ,LO,0.17
UOL,SSL,1.76
PPR,XHL,0.98
HRR,GZ,1.12
NCR,GIL,0.49
MDR,YP,1.44
XI,JJR,0.12
SSL,HYR,0.64
CDR,MZ,1.4
NI,FKR,1.29
WGL,WL,0.74
MPR,LAL,0.96
WGL,MY,0.19
AVR,WFL,0.96
CBR,SRR,0.19
FZR,JV,1.21
DFL,BA,1.48
VI,WF,1.72
WH,ZUL,0.37
VW,GSR,1.35
WFR,NCR,0.65
FA,DFL,1.69
DY,DC,0.7
EER,LX,0.17
KM,GCR,1.61
XUR,WUR,0.54
IEL,RGR,0.94
WFL,FO,1.08
ZWL,FMR,1.59
SAR,GF,0.24
ISL,HJ,1.92
UP,VF,0.23
VZR,MP,1.56
OT,GZL,0.88
PIL,MVR,0.23
MZ,OJL,1.24
JOR,EGL,0.55
LX,WUR,1.3
MYR,GZ,1.09
BWR,JGR,1.97
ALL,FIL,1.86
MZ,KRR,0.54
WOL,NKL,0.64
WFL,BE,0.16
IO,GER,1.03
IO,YPR,1.25
LX,LEL,1.59
ES,ECL,0.33
JJR,YT,0.36
DU,DI,1.26
WDR,AXL,1.89
ECL,BA,1.84
PM,UOL,0.73
GZ,HHR,1.39
ISL,LM,0.78
XNR,AIL,0.21
HU,UKR,1.31
EZL,WDL,1.48
KG,XE,0.87
KAL,GZ,0.95
XE,WI,0.81
NKL,IX,1.53
ECL,MVR,0.24
YPR,KG,1.96
WIL,ASL,0.7
SSL,ZX,1.73
ZX,HER,1.2
DU,JGR,0.11
UAR,IPL,1.36
EHL,KRR,0.78
JT,AP,1.89
IRL,MR,0.47
ALL,JV,1.76
VZR,FO,1.77
ZT,UVL,1.15
GNR,WS,1.89
ES,AG,0.69
HU,HER,0.26
OJR,CDR,0.58
DVL,LEL,0.63
NO,KM,1.8
WFL,XMR,1.88
HN,GU,0.78
WLR,JAL,1.17
RLR,WJ,1.56
AE,WF,0.86
WS,WF,0.11
MXR,DRR,1.83
GYL,AKR,1.76
MPR,VOL,1.43
BE,HSR,0.23
RRR,IER,0.64
HU,FZR,0.94
BDR,YPR,1.06
UE,ISL,0.85
LUR,XMR,1.87
MY,WJL,1.51
JMR,AXL,1.29
MDR,BRR,1.37
GML,FU,1.01
IPL,TFR,0.27
HHR,DD,0.67
WLR,WDR,1.7
RLR,PYL,0.1
LEL,WB,0.78
MYR,EUR,0.63
ZYR,BWR,0.72
TL,JR,1.46
WUR,UP,0.69
FXL,RLR,1.87
TOL,AG,0.29
ZRR,JAL,1.54
XE,CX,1.24
JGR,FIL,1.73
YBL,DML,0.1
GNR,BKL,0.36
VKR,LM,1.56
UKR,XIR,1.46
KOR,BTR,0.63
IVL,DVR,0.23
AG,LUR,0.67
UE,NW,1.5
AP,DGL,1.57
JV,OKL,1.41
SU,ES,0.59
HN,CDR,0.14
IYL,NW,1.59
BX,GUL,0.36
RRR,BPR,1.92
TBR,GIL,0.97
MOL,UOL,0.94
NT,CDR,1.23
AE,YZL,0.5
DVR,JR,0.46
UKR,PSR,0.11
IEL,ZBL,1.2
CV,KIR,1.09
GNR,PNL,1.67
SD,ES,1.02
GNR,TL,1.53
EDR,GD,1.24
HI,LUR,1.32
MXR,BTR,0.76
HJ,XMR,0.57
VI,VAL,0.27
CZL,XI,0.2
JGR,VAL,0.5
TOL,WH,1.56
NT,MY,0.95
ZUL,WOL,0.79
TFR,SE,0.38
EGL,HLL,1.34
WOL,FVL,1.93
MDR,SJR,0.59
MCL,ZM,1.36
AIL,LM,0.95
IEL,EM,0.52
MZL,MCL,0.47
RHR,MF,1.03
IVL,BE,0.15
OHR,HLL,1.59
OKL,VW,1.54
DRL,UT,0.77
GUL,OHR,1.88
WGL,HR,0.92
LM,FFR,0.44
HU,CNR,1.86
LH,ENR,1.28
LK,HFR,1.06
BWR,BRL,0.51
JJR,EM,0.33
FVR,BWR,0.14
YT,HR,1.33
CX,UE,0.2
FA,PJL,1.18
DML,LK,0.43
VJL,JOR,1.19
MML,ZX,0.97
ZBL,MVR,0.68
PYL,HRR,0.41
NO,LM,1.1
RLR,KRR,0.31
TIR,CX,1.85
OCR,GHL,0.28
OCR,JOR,0.69
KIR,LAL,0.55
JMR,ES,1.22
WP,TOR,1.13
MZL,LH,1.08
JMR,GF,0.33
NT,GF,1.61
VKR,LM,1.34
KS,LIR,1.09
CIL,CYR,0.37
ZRR,GEL,0.73
DF,WI,0.49
FR,SE,1.83
DRL,ZBL,1.09
TIR,VKR,1.67
WP,NT,1.68
FN,VAL,1.26
BKL,BRL,1.78
FFR,GUL,1.39
TBR,MZL,0.11
FA,HDL,0.55
ASL,SU,1.4
PSR,EGL,0.74
HER,WL,0.14
PYL,HA,1.32
KRR,WFR,0.25
EGL,MDR,1.26
LUR,ZGL,0.77
IDR,LO,0.75
EM,PZL,1.92
HR,WB,1.65
XI,ZBL,0.86
MZ,LXR,0.5
ESR,YPL,1.97
BDR,FJR,0.23
ZJ,YB,1.62
ENR,FR,1.7
EZL,CBR,1.29
RRR,JR,1.05
GD,JH,1.77
XV,MDR,1.49
FH,RLR,1.82
IO,BKL,1.5
XMR,WUR,1.54
XML,HER,0.17
BER,KS,1.37
WFR,YPR,0.81
JO,VF,0.64
SJR,BBR,0.74
SJR,LK,0.57
LAL,AG,0.71
WH,OT,0.55
YDR,HK,0.16
VC,BPR,1.74
GEL,LXR,0.73
BRR,UKR,0.96
EGL,GYL,0.38
FIL,PJL,0.2
EER,LO,0.54
KG,JO,0.2
TOL,UE,0.59
MYR,VOL,1.17
WOL,AP,0.42
KIR,GHL,0.59
EUR,CNR,1.42
BA,RRR,1.63
XML,XIR,0.54
SSL,MP,1.72
UKR,HFR,1.92
RHR,NKL,0.42
FKR,CRL,1.33
PV,YB,0.1
VJL,EZL,0.24
TF,ZYR,0.64
XEL,FMR,1.68
SBL,NCR,0.46
VZ,FVR,1.16
LIR,MVR,1.94
EHL,MCL,1.85
PV,NCR,1.55
OT,XML,1.1
WGL,ZM,0.51
IX,GYL,0.2
SSL,HHR,1.78
GZ,SD,0.75
GD,FO,1.72
AI,YT,0.23
NCR,HDL,0.11
FMR,MY,1.56
JR,FH,0.96
GSR,SAR,1.01
XHL,OJL,1.4
STL,YZL,0.12
LX,FXL,0.16
UB,DC,1.54
NPR,UG,1.8
PJR,SE,0.73
FU,WJ,0.42
XMR,GCR,1.43
AVR,DD,1.07
LIR,PPR,0.83
WF,WDR,1.84
DVR,RLR,1.42
MVR,BPR,0.26
XMR,IJ,1.08
SJR,AVR,0.62
MLR,DD,1.4
MCL,ZJ,1.76
NKL,LK,0.48
JOR,JRR,1.42
PZL,ZGL,1.14
PJR,IDR,1.58
SBL,XE,0.25
CYR,ZX,1.87
UT,TLR,0.45
IX,VAL,0.69
BWR,DGL,1.05
FZR,WOL,1.57
AI,FO,1.04
ZCL,GML,1.44
WDR,EGL,1.6
CBR,WJ,1.46
UG,JOR,1.51
OT,IX,0.71
MF,FKR,1.5
HI,CZL,0.36
HER,ZYR,0.9
YT,DUL,0.4
ZUL,TLR,1.61
WGL,TLR,0.16
GJL,GNR,1.89
LO,HJ,0.34
YTR,PSR,1.22
UT,CNR,1.22
NCR,HSR,0.23
UFR,CBR,0.95
TU,ES,1.04
LTR,XE,1.23
IYL,IX,1.93
NKL,HFR,0.5
TJ,WFL,1.99
NXL,WPR,0.36
LO,CX,0.9
CNR,OHR,1.23
AVR,WDL,1.89
TBR,TU,0.32
ASL,GJL,0.97
FH,LO,1.24
ZBL,SSL,0.41
YPR,HDL,1.37
ISL,YPR,1.47
RGR,AKR,1.42
IPL,DI,0.77
DF,SSL,1.44
BWR,ZM,1.05
DVL,NPR,1.06
LIR,ZT,0.89
NCR,JT,1.16
JT,XEL,1.55
DUL,NV,0.28
NO,MXR,1.72
IRL,HLL,0.32
WPR,EM,0.88
HRR,GML,1.1
DGL,GNR,0.81
XIR,LEL,1.8
PJL,TU,1.04
WFL,TIR,0.9
KG,ES,1.98
BKL,VW,0.26
XT,MXR,1.63
PYL,YTL,0.39
FXL,MXR,0.27
GYL,UT,0.55
BKL,UFR,0.63
TU,MML,1.34
AX,TLR,1.5
JGR,HHR,1.53
JRR,TOR,0.12
WLR,HI,1.68
FMR,IEL,1.92
KOR,PM,1.42
SSL,IDR,1.77
NI,WAL,0.42
LK,NUL,1.81
IDR,BX,1.88
SSL,AS,0.7
UFR,WDR,1.55
UG,SSL,1.12
XI,PJL,0.22
WH,YB,0.45
OJL,HHR,1.22
ML,FFR,0.96
WSL,IJR,1.02
IX,SJR,1.72
PIL,MYR,0.28
WB,WFL,1.77
YPL,HW,1.91
HR,VZR,1.48
ZUL,XEL,1.14
ENR,FO,1.98
JJR,DY,1.36
SD,PYL,0.62
OOL,XI,1.26
ZCL,FN,0.91
MF,ZT,0.66
XJ,HHR,0.35
FXL,MLR,0.17
ZRR,MCL,0.42
HYR,IER,1.44
BKL,ZM,1.76
WUR,WOL,1.44
DGL,IER,0.22
SU,DML,1.9
KIR,ALL,0.31
OT,ECL,1.98
HER,PYL,1.65
WFL,MCL,1.6
YTR,AG,0.34
WDR,JOR,0.41
WJL,NV,0.65
MOL,FVR,1.61
AI,VJL,1.35
JAL,MY,1.05
IO,AG,0.62
IX,XV,1.91
HHR,ESR,1.0
GER,YZL,0.41
TIR,KRR,0.8
LB,HLL,0.63
LIR,PJL,1.56
XI,VW,0.25
KS,ASL,0.7
OHR,RGR,0.65
JRR,WOL,0.37
SBL,IVL,0.67
NPR,RSR,0.14
HI,MPR,0.26
WFL,FN,1.89
TJ,BD,0.98
MP,LXR,1.8
AG,YDR,1.7
CV,BRL,1.28
HR,FMR,1.83
MML,BRR,0.93
EGL,LEL,0.54
FVL,AS,1.94
GIL,RLR,0.18
KM,NT,0.1
WB,IJR,0.27
KAL,EUR,0.57
FMR,WSL,1.74
WJL,FA,0.74
EHL,GE,0.64
ZBL,FUL,1.69
WOL,SBL,0.52
JJR,CRL,1.59
FR,DGL,1.4
MVR,PM,1.2
CRL,JAL,1.59
KG,YPL,1.95
HLL,KM,0.17
LO,GF,1.1
ALL,HSR,0.76
VZ,ENR,1.21
IDR,DRR,1.87
EUR,GBL,1.42
GYL,ZWL,1.02
UKR,LAL,1.97
GU,PJL,0.69
IAL,HA,0.19
WF,GML,1.48
WIL,HSR,0.63
KG,HRR,1.27
TU,XV,0.71
YDR,MDR,1.95
BDR,IVL,0.79
FUL,BTR,1.21
OCR,DVR,1.82
MZ,WJL,1.57
GJL,LK,1.15
BER,MCL,1.31
JOR,AIL,0.51
ENR,LH,1.06
CNR,AP,0.19
GML,OT,0.77
DRR,BER,0.99
IJR,BE,0.19
FXL,MP,1.77
IPL,HR,1.81
NUL,IDR,0.13
ZBL,NT,1.14
MYR,AG,0.62
GER,AOL,1.1
XEL,ZR,1.87
WOL,BA,1.49
MML,MDR,0.17
ZYR,FU,0.58
ZR,PYL,1.23
UFR,CIL,0.47
XIR,YPR,0.91
ZM,VZ,1.98
LEL,YUL,0.39
SJR,DC,1.36
MOL,MZL,0.6
LB,XE,1.89
KRR,XML,1.74
ZX,FN,0.97
XNR,PPR,1.83
JMR,WP,0.89
UB,ZR,0.52
ZGL,SBL,0.84
MVR,LTR,0.74
PM,ZJ,1.18
RGR,PV,0.32
GZL,MR,1.1
IAL,KIR,0.24
AG,WS,0.86
XUR,DI,1.75
EUR,MZ,0.32
AI,FO,1.08
AE,PM,1.6
MF,RHR,1.45
DF,YUL,0.2
ZUL,IAL,0.21
FA,UFR,1.55
DML,JO,0.78
MXR,MML,1.89
WAL,YPR,0.84
EZL,VF,1.06
ZM,OCR,1.19
YB,LEL,0.24
YT,FA,0.13
HK,XT,0.69
GNR,AVR,1.53
DF,PJR,1.1
HK,IJ,0.41
LB,BBR,1.28
VI,LO,0.71
JJR,IDR,1.61
GD,JO,0.67
IJ,ZJ,0.11
YP,ZT,1.42
UT,GBL,1.43
YUL,FR,1.3
GIL,SE,0.71
WIL,NCR,0.66
DFL,NV,1.69
BWR,HER,1.32
MOL,CV,1.5
TF,MCL,1.99
BWR,ECL,0.24
OOL,IJR,1.56
EER,GNR,0.72
GZ,DUL,1.1
SE,HER,1.15
TOR,ASL,0.31
WS,ML,1.77
SE,FZR,0.52
ES,YT,1.66
BDR,XI,1.93
SJR,MZ,1.17
ZR,FKR,1.77
WS,CNR,0.6
MXR,UVL,0.43
NW,JT,1.86
TFR,FMR,0.47
XML,TIR,0.29
ZT,PYL,0.95
IO,SAR,1.95
CYR,WJL,1.63
GIL,LO,1.64
GHL,DI,1.89
PM,LK,1.29
GJL,ZM,1.1
KAL,HDL,1.01
GNR,WF,0.44
WF,OJL,1.84
UVL,HN,0.8
CX,XL,1.73
ZWL,SE,1.35
WDL,EM,1.18
TIR,AKR,1.14
KG,BBR,0.22
NXL,SSL,0.35
FVR,KS,0.89
LK,NPR,1.99
IX,BRL,0.34
HJ,FKR,0.15
WSL,HU,0.4
MP,YPL,1.57
FR,EDR,0.96
WFL,WJ,0.17
HR,NT,1.52
UVL,DGL,1.76
IYL,FH,1.57
LTR,ZCL,0.58
TLR,LIR,0.8
BBR,ALL,1.01
ZJ,CRL,0.4
XJ,DU,0.74
NW,MLR,0.39
GML,VKR,1.58
MYR,HRR,0.86
TOR,XIR,1.95
TF,KIR,0.17
DC,BX,0.33
JO,EM,0.71
YZL,WAL,1.54
STL,SJR,1.17
NI,XE,0.36
OT,TLR,0.57
YPL,DY,0.5
NCR,FVL,1.44
SBL,HR,0.71
ZBL,GUL,1.66
LUR,FO,0.66
YUL,ZGL,1.96
MY,IJR,1.03
YB,JJR,1.83
VOL,OJR,1.43
IVL,CDR,0.54
DI,VZR,0.92
LX,DD,0.5
DY,WB,0.87
STL,SJR,1.54
WIL,MP,1.86
TOL,BER,0.17
JOR,CIL,2.0
GML,PPR,0.95
ZWL,FN,0.69
XUR,WJ,1.4
HSR,HER,0.78
EZL,WL,0.96
BWR,IPL,0.81
ZZR,FMR,0.15
JGR,GML,0.2
YB,IX,0.78
PM,TOL,0.94
HFR,OHR,1.35
FA,RSR,1.4
NV,KOR,1.06
AI,XJ,0.37
DF,PZL,1.55
TOR,ZUL,1.37
IPL,WJ,1.09
ZGL,ZM,1.03
IVL,PNL,1.38
VW,TU,1.83
IJ,PJL,1.83
GCR,IPL,1.8
SBL,BE,1.77
PIL,GBL,0.38
TU,MZ,1.6
WJL,LTR,1.2
WJL,DUL,0.44
XHL,WUR,1.71
XI,BRR,1.86
GJL,RHR,0.53
KM,HDL,1.3
FH,PNL,0.98
MZL,UP,1.58
NPR,XJ,0.9
ZCL,FH,0.96
BA,RHR,1.98
ALL,MY,1.59
CX,GCR,1.94
OJR,ZT,0.67
NPR,DRL,0.48
TIR,GD,0.84
AI,MYR,0.3
GIL,WJ,0.2
MYR,BTR,1.66
HSR,CV,1.28
WB,JO,0.84
LIR,XV,1.53
JRR,SJR,1.58
IER,SBL,0.72
SBL,AS,0.58
LIR,FJR,1.43
IO,UAR,0.48
HDL,VKR,1.83
JAL,WJ,1.56
XNR,WH,0.82
GF,PJL,1.49
IYL,NXL,1.28
KIR,MXR,1.58
TU,XL,0.8
NO,MYR,0.87
WIL,SJR,1.13
IJR,BTR,1.81
YT,MZ,1.76
JV,HDL,0.26
FJR,ZM,0.26
MXR,ZX,1.21
CIL,MVR,1.92
CDR,DY,1.57
KG,PM,0.62
WSL,NPR,0.47
YT,FIL,0.13
XML,IJ,1.9
WOL,BX,0.5
CYR,ZYR,0.31
TJ,BTR,1.69
WUR,UOL,0.82
CZL,FXL,1.07
NT,KIR,1.87
OJR,EER,0.11
YDR,IJR,1.02
LH,WAL,1.5
XI,GZ,0.93
SD,ZYR,1.97
GCR,DVL,1.66
UE,WSL,0.82
MF,DC,0.68
FR,HU,0.51
ZZR,FFR,0.59
RSR,ALL,0.19
XEL,DGL,1.31
GZL,OJR,1.01
FFR,ENR,0.73
GCR,XML,1.67
ZX,LH,1.83
XIR,GD,1.0
UFR,HJ,0.17
SSL,DRL,1.91
CJ,WH,1.46
ZR,LM,0.61
ECL,VF,1.78
LIR,NO,1.04
MPR,UVL,0.98
JO,PO,1.56
FMR,ML,1.77
ALL,WFL,0.37
SAR,YUL,0.79
XI,MXR,1.22
WDL,ESR,1.88
VC,MY,1.91
JMR,LB,0.31
MF,UE,1.49
ZRR,UB,1.4
HLL,ZZR,0.37
LUR,PIL,0.34
TJ,OJL,1.51
DD,GNR,1.3
HSR,FN,1.46
HW,RRR,0.15
WGL,XE,1.59
FMR,KS,1.6
MYR,TIR,1.0
EGL,XJ,0.78
FN,ZUL,1.93
WL,HDL,1.02
YN,SD,0.24
WDR,VZ,0.37
NO,WOL,1.54
FXL,NV,1.12
VZ,JRR,1.93
XV,OT,1.42
XML,NI,1.78
ZGL,JO,1.04
TBR,PSR,0.4
WF,MML,0.92
VF,LIR,1.75
WJL,WB,0.46
WFL,KS,0.82
XNR,GYL,1.15
TL,UAR,1.65
VUL,DUL,0.53
IJR,NW,0.1
GEL,AI,1.37
HW,MVR,0.6
EDR,FVR,0.28
VZR,DD,1.98
KG,HRR,1.81
AXL,GHL,1.04
SSL,WFR,0.5
NT,AIL,0.56
NKL,LO,1.45
SRR,GZ,0.61
VUL,ZGL,1.17
LAL,HLL,1.15
TL,VUL,0.84
DFL,YUL,1.87
MY,FA,0.31
OKL,JOR,0.23
ISL,CRL,1.27
SU,JAL,1.05
PZL,AS,0.74
XT,ZBL,1.78
WL,VF,0.53
LB,PJR,1.27
BBR,KIR,1.25
ZJ,XV,1.76
VKR,NXL,0.52
MZL,SAR,0.33
PNL,UAR,0.27
WSL,JJR,0.26
MF,PSR,1.88
HRR,AVR,1.11
STL,WI,0.11
FZR,WJL,0.97
WFR,FIL,0.92
CV,TF,1.81
GBL,VUL,1.68
XML,ENR,0.81
SU,MR,1.42
BBR,CZL,0.17
MR,KS,1.68
NUL,DFL,0.68
TF,ZUL,0.65
HI,XMR,1.48
FA,MY,1.47
GNR,IVL,0.71
NUL,AG,1.06
UG,JO,1.96
GER,GIL,0.98
LIR,DY,0.23
DVR,MDR,0.3
PNL,LO,1.05
ML,GIL,0.47
BER,OCR,1.97
TF,WL,0.96
HFR,IJ,0.87
WI,NI,0.18
HRR,UVL,0.1
WUR,RSR,0.55
SAR,DI,0.47
NUL,JAL,0.49
EM,VAL,0.15
ZZR,RHR,1.7
JMR,XL,0.8
EER,FIL,0.92
DVR,XML,0.18
ML,BD,0.3
TFR,TU,1.0
OHR,XUR,0.56
GE,IDR,1.07
EGL,BWR,1.78
JJR,SU,1.52
RLR,WGL,1.28
IER,IJR,0.76
ZX,MR,1.0
BKL,IJR,0.41
IJ,KIR,0.46
YP,JR,1.39
CV,HDL,0.15
CRL,PPR,1.17
WUR,UAR,1.63
YZL,WJ,0.69
XE,EGL,0.89
FH,XV,1.63
UKR,GZL,1.31
ES,YT,1.78
MZ,WDL,1.2
BKL,ZX,1.86
LK,JT,1.83
ZYR,RSR,1.7
RGR,AE,1.26
PPR,BRR,1.95
GZL,LTR,1.33
BD,FXL,1.37
KOR,TFR,1.69
NCR,AIL,0.43
IJR,OJR,0.42
YPL,WIL,1.29
JGR,FVL,0.5
GUL,JRR,1.46
JGR,HFR,0.56
VC,JMR,1.56
CYR,ENR,0.99
SE,UP,0.26
CZL,TBR,0.47
ML,OJR,0.13
OHR,BTR,0.7
HJ,GEL,0.56
WPR,RLR,1.75
YT,IYL,1.22
TIR,GZL,0.23
HFR,LX,1.33
BPR,HI,1.11
JH,HI,1.52
RGR,XML,1.95
OCR,FFR,0.11
BRR,SAR,1.42
PJL,XMR,1.76
DF,ZZR,1.54
EUR,DRL,0.51
EM,OKL,0.43
KRR,JGR,0.6
IEL,DFL,1.67
IVL,HU,1.82
KIR,LK,0.36
AS,HSR,0.88
WIL,NPR,1.72
RRR,FIL,0.27
LX,SJR,0.62
WLR,DUL,0.81
HI,IVL,1.05
JR,FU,1.2
CJ,YBL,1.69
VUL,FVL,0.22
LIR,CDR,1.6
OJR,FN,0.58
FA,LH,1.65
UB,LTR,0.45
MPR,LO,1.83
HU,UKR,1.63
AP,ZYR,1.45
XNR,PSR,1.48
ZGL,JAL,0.92
EUR,YN,0.58
UAR,DGL,1.35
ZRR,YUL,1.16
UP,WUR,1.36
ECL,ZCL,0.52
YUL,MLR,1.09
EZL,SD,0.83
ZBL,DU,1.47
CIL,WF,1.4
ZYR,HK,0.23
RGR,XUR,0.9
GML,WF,1.29
FU,KRR,1.9
GZL,SRR,0.58
OOL,TF,0.38
ZZR,GYL,1.75
XUR,RGR,1.94
RRR,JT,1.04
ISL,NKL,1.13
XNR,GF,0.45
ZCL,XI,1.99
WGL,VJL,0.49
ZJ,PJL,1.54
IO,GSR,0.97
BWR,JMR,0.12
VKR,WGL,1.2
RLR,ZCL,1.8
WP,JRR,0.82
RLR,LAL,0.49
BX,GNR,1.13
HHR,SAR,0.63
NV,FJR,1.67
EGL,LH,0.35
YPR,CZL,1.99
TJ,DGL,0.55
UB,PM,0.94
MF,MDR,0.56
VZR,RLR,1.7
ENR,MZ,0.97
HW,SJR,1.46
KOR,WDR,1.95
XL,XJ,0.8
PZL,LO,0.43
WDR,IJ,1.9
WGL,HDL,1.38
WJ,HFR,1.48
TFR,MP,1.96
ZGL,MML,1.33
WGL,UOL,0.97
BRR,CX,0.86
MZ,YB,1.61
LX,PM,1.25
GZL,FH,0.75
OJL,FIL,1.43
BX,UT,0.51
ZYR,RHR,0.95
CX,XIR,1.9
JV,DUL,0.16
HRR,MVR,1.64
SU,IAL,1.18
YPR,GER,0.41
PZL,WF,1.17
SSL,FJR,1.37
KRR,FU,1.79
ZYR,MLR,1.33
BX,GHL,0.4
GF,FR,1.53
DML,PV,0.65
WS,MDR,0.54
AXL,GD,1.25
OJL,ZCL,0.16
PZL,MCL,0.51
UT,VKR,1.57
SD,GCR,1.14
SRR,LEL,1.6
HR,MZ,0.15
FKR,BWR,1.47
CJ,WOL,0.15
CDR,GEL,0.6
NKL,DVL,0.14
VUL,DVR,0.44
XEL,ZR,0.52
PYL,WFL,0.95
NW,GEL,1.2
WOL,YT,1.79
WH,AOL,0.97
ZGL,DU,0.98
YUL,HSR,1.26
WJ,YZL,1.28
MP,GE,1.53
FMR,WB,0.73
YB,FA,1.94
EER,NXL,1.15
LUR,YN,1.7
PV,ZUL,1.41
MR,IEL,1.35
YPL,NCR,0.77
CV,BD,1.5
SD,BRR,1.13
KAL,XL,0.68
SBL,SD,0.81
ZWL,HLL,1.9
IRL,KS,0.27
SSL,ALL,0.74
XNR,WI,0.84
ZM,BER,1.51
DF,DRL,1.57
GSR,HN,1.14
SAR,WJL,0.17
YB,ZCL,1.68
WLR,FKR,1.06
JAL,JGR,1.72
NI,DU,0.78
ZX,VAL,1.81
YDR,DFL,0.26
RSR,BRL,0.94
ISL,NI,0.34
NKL,FH,1.84
VZR,BKL,0.59
BE,PZL,1.75
GSR,IJR,1.99
FR,VF,0.8
JMR,MY,0.52
AOL,ML,0.96
VF,KG,1.93
GF,YTR,1.67
SAR,HI,1.4
YTL,UT,0.78
OCR,OKL,0.82
ZGL,FO,1.58
JRR,RGR,0.44
MDR,LEL,1.32
JR,WAL,1.09
HLL,IJ,1.78
GD,HSR,1.21
YPL,RHR,0.58
KRR,PYL,1.51
UFR,IRL,0.46
CNR,WDL,0.36
NT,GF,0.28
MOL,ISL,0.64
FU,CNR,1.12
WJ,MXR,1.32
JRR,PYL,1.19
MY,TFR,1.52
JAL,GSR,1.8
YN,XIR,1.25
WFR,LM,1.37
VZ,BDR,0.91
AE,EM,1.8
IYL,VF,1.19
IJ,DML,0.88
LO,PV,1.69
WDL,JR,0.76
AXL,SU,1.46
AXL,AX,1.09
LEL,WOL,0.74
YP,HW,0.9
TF,TLR,0.46
VI,LX,1.71
ZGL,MR,0.59
EER,AG,1.79
WL,AIL,1.11
UOL,WIL,1.59
YUL,ALL,0.62
EHL,YPR,1.27
LO,TLR,1.46
PV,EDR,0.43
YN,LEL,0.63
JT,HN,1.89
ZGL,MVR,0.67
BTR,DF,1.58
ZYR,LUR,0.46
PZL,YTR,0.39
EZL,ZJ,1.51
AS,TJ,0.58
GBL,KM,0.6
CYR,GML,1.33
VZ,EHL,1.84
MOL,EUR,1.26
XUR,MYR,1.78
JR,IRL,1.65
HHR,AXL,0.98
HK,CBR,0.14
HER,SE,0.84
IDR,DC,0.74
DUL,TOR,0.53
GD,MML,0.8
HI,AVR,1.59
GIL,ZM,1.84
PPR,UB,1.52
ENR,LO,0.74
AOL,TOR,1.64
MCL,FJR,0.56
BDR,OT,0.98
HJ,NI,1.7
PSR,HHR,0.25
VW,VF,1.58
WS,KIR,0.61
VW,WJL,1.33
NO,ESR,1.75
WP,MDR,0.3
IDR,FR,0.3
KAL,YTL,0.47
BDR,ES,1.61
NV,MR,0.8
LUR,MDR,0.54
KS,FKR,0.91
LX,BBR,0.36
KRR,WAL,1.77
TJ,MOL,0.13
LM,LB,1.21
LM,AVR,0.24
JGR,ALL,0.78
IER,GYL,1.3
IYL,EM,1.32
NW,EER,0.91
PYL,WJ,1.6
XNR,IX,1.21
MF,WFR,1.01
BWR,IRL,0.11
BA,SAR,0.34
JH,MZL,1.95
LXR,SSL,0.44
UFR,YPR,1.55
PZL,YDR,1.93
ZJ,GZ,1.41
YN,STL,1.52
ZGL,DGL,0.74
HA,TOL,0.97
UAR,CDR,1.92
RSR,WB,0.64
JV,WFL,1.01
HYR,BPR,1.89
FN,XV,0.63
UFR,IYL,1.91
LAL,JRR,0.13
WI,MLR,0.45
YP,BA,0.15
HFR,HHR,0.6
MY,TJ,1.27
MOL,HU,1.64
BX,TU,0.66
WAL,TJ,1.16
ASL,JR,0.76
WJ,SJR,0.22
JGR,JT,1.89
ECL,ZYR,0.81
STL,XHL,0.4
HI,CDR,0.44
MCL,KRR,0.38
AIL,BRL,0.31
DUL,ISL,0.11
FKR,KOR,0.54
VJL,DUL,1.84
ZR,IX,0.29
TJ,ZCL,0.69
ZM,BRL,0.94
HFR,SBL,1.9
DFL,WOL,1.8
UAR,SJR,0.73
VZ,SBL,0.24
YP,UAR,1.99
BWR,TL,0.34
NT,GIL,0.31
MZL,TL,1.87
WJL,BD,0.9
MYR,GYL,0.9
WJL,VAL,1.49
LB,XT,1.55
TLR,UOL,1.31
WDL,VAL,0.86
BX,ZWL,0.58
BRR,ESR,0.4
TOL,EGL,1.46
AVR,KOR,0.12
CYR,NV,0.69
DF,YB,0.13
MZ,PNL,1.79
UT,UFR,0.21
IRL,DD,0.15
VAL,FVL,0.95
MY,HER,0.11
PPR,PV,0.71
UB,PIL,0.56
CX,JH,0.35
FVR,FKR,1.88
LTR,VAL,1.65
MY,YTR,1.08
WB,UP,1.19
KRR,AS,0.16
BWR,VC,0.85
VKR,CYR,1.23
JT,WJL,0.63
XT,JT,1.28
SU,CNR,1.9
ZWL,FUL,1.52
XIR,WS,0.63
CIL,HK,1.71
JAL,YBL,0.37
IDR,BPR,0.2
TBR,HER,1.32
ZRR,FO,1.34
JR,KRR,1.03
YPL,XML,0.63
SU,JR,0.58
FXL,KAL,0.51
ZX,TOL,0.83
ZBL,WOL,1.98
WI,JOR,1.58
HW,BRR,0.4
JO,KG,1.71
GU,OCR,1.14
DI,JMR,1.06
ZUL,XI,1.67
OT,GER,1.26
EGL,HLL,0.19
PV,IJR,1.51
XJ,MZ,1.87
LXR,YUL,0.82
MZ,JH,0.54
VOL,OJL,0.4
XV,HER,0.28
VW,GHL,1.59
NT,YPL,1.93
FMR,KIR,1.32
JOR,HK,1.83
YPR,XV,1.21
WL,CIL,0.32
MZ,SSL,1.69
IDR,WDL,1.52
BRL,SSL,1.79
AIL,PJL,1.06
LIR,YPL,1.27
DY,NPR,1.42
MY,XIR,1.76
GCR,YT,1.6
GE,FA,1.83
MZL,XV,1.08
VKR,LUR,1.47
CYR,PM,1.93
TOL,NPR,0.31
TOL,YTR,1.08
ES,TJ,0.99
GIL,JH,0.34
FU,BKL,1.3
BRL,KRR,1.32
NT,ZWL,1.48
TIR,WDR,1.78
IYL,WUR,1.97
GUL,LK,0.51
JR,ZYR,1.57
DY,KG,0.15
YN,BA,0.56
KM,IRL,1.96
JT,OT,0.96
FO,HSR,1.27
BE,FUL,1.25
WSL,ML,1.24
AG,GYL,0.3
MZL,OJL,1.42
MYR,BPR,0.12
ZT,GSR,1.68
WLR,LIR,0.84
MML,ECL,1.91
AX,LB,0.96
BKL,MCL,0.17
WLR,ML,0.32
SE,VAL,0.17
TOR,TU,0.66
WPR,FZR,1.35
CRL,IJ,0.47
MLR,WI,0.17
GBL,YP,0.93
GJL,ZR,1.2
YB,IVL,1.78
BD,UOL,0.77
BRL,IDR,0.69
DY,HRR,0.54
ZT,ALL,1.77
DVL,NI,0.27
XUR,CDR,1.15
HJ,YZL,1.97
KAL,VZ,1.32
WDR,CRL,0.22
YTR,LM,1.56
WB,JR,0.44
CBR,VF,0.32
NKL,MML,0.59
GBL,AOL,1.65
WSL,IJR,0.51
ASL,GBL,0.55
AXL,GD,1.91
AKR,MF,0.87
EZL,KRR,1.32
DF,PPR,1.65
EGL,MYR,1.45
DF,JGR,0.95
EDR,MVR,0.64
OCR,MZL,1.54
AVR,FN,0.42
FO,PNL,1.55
HI,RRR,1.97
FZR,IYL,0.65
GE,FA,0.66
JO,NXL,1.81
XI,ENR,0.13
JAL,ES,1.19
WB,YBL,0.52
LIR,ES,0.99
IJR,YUL,1.1
RGR,MOL,0.24
PM,CNR,1.2
OKL,RLR,0.86
ZR,DF,0.73
RGR,UT,1.71
EZL,WGL,1.48
AG,YPL,0.67
KAL,BER,0.63
VF,VOL,1.41
WI,BRL,0.3
PIL,DU,1.74
NXL,YP,1.18
LAL,FXL,0.25
YZL,MLR,0.73
UG,DF,1.68
PJR,VJL,1.7
IER,RHR,1.3
VI,NO,0.18
BRL,VI,1.15
IYL,WLR,0.17
FVR,YTR,1.69
FH,VZ,0.56
UG,PNL,0.67
GU,WJ,1.63
TF,PV,1.93
BPR,PM,1.63
DUL,KRR,1.36
AG,XEL,0.63
GF,BDR,0.24
WIL,DFL,0.81
JV,ASL,0.38
MOL,YBL,1.34
ZJ,TOL,0.57
DC,UVL,0.75
XHL,VJL,1.06
ZJ,LXR,1.62
NPR,IJR,0.4
PJL,EUR,1.33
WAL,MOL,1.46
UFR,PNL,0.13
HER,ESR,1.84
FA,HDL,0.54
SBL,WPR,1.04
MZL,RGR,1.71
UG,BRR,0.82
UKR,HLL,0.72
ALL,DD,1.59
WGL,EHL,1.59
GD,HU,0.87
YTR,MDR,0.79
ZX,RRR,1.21
PJR,JMR,1.92
TU,NW,1.62
CIL,XE,0.94
ZT,TIR,1.89
MOL,XEL,1.68
EZL,LEL,1.69
HDL,VZ,0.64
MP,VZ,0.94
JRR,AXL,1.21
MY,GEL,0.12
FR,MR,1.51
DD,VF,0.75
DVR,WAL,0.96
VZ,MVR,0.15
UT,WJ,0.48
TFR,IO,1.6
CNR,FKR,0.44
NPR,MDR,1.7
JT,YZL,0.62
BBR,AS,1.34
GUL,WDL,1.19
PZL,MXR,0.48
FA,HK,0.47
LO,VKR,1.04
MOL,LX,1.06
VZ,MXR,0.57
VC,IYL,0.34
JR,BX,0.28
FN,HA,1.28
HW,PV,1.18
XNR,DGL,0.72
XT,DVL,0.82
WH,KM,0.36
LH,XML,0.93
IYL,GNR,1.26
XI,XUR,0.22
IO,CNR,0.51
KIR,JT,0.58
DML,ML,1.47
WF,SU,1.51
YDR,BRL,0.18
IO,TF,1.33
UT,AOL,0.75
TLR,ES,0.69
IJ,JRR,0.81
XE,VC,1.9
AXL,GHL,0.94
PV,BKL,0.88
YBL,RSR,0.97
JAL,TOL,1.89
WS,WL,1.47
BWR,MF,0.96
WFR,WF,0.73
CYR,DVR,0.38
BBR,TBR,1.01
XHL,AS,1.79
ES,EZL,1.53
IPL,HDL,1.58
XL,EHL,1.95
SU,ISL,1.2
SAR,JMR,0.14
GSR,TU,0.48
LAL,OKL,1.22
HN,RLR,0.51
HR,PIL,1.05
DY,HDL,1.59
IJR,UB,0.56
CX,OOL,0.34
JR,LIR,1.65
WIL,MF,1.38
HLL,XUR,1.06
EUR,WPR,0.44
ESR,YB,1.06
FU,UKR,0.23
PJR,WPR,1.84
JJR,BD,1.57
GHL,ESR,1.63
MOL,KRR,0.68
CZL,EDR,1.77
OCR,ESR,0.6
TOR,WUR,1.86
NPR,ZCL,0.29
STL,WGL,1.08
BER,JJR,1.65
FVR,NUL,0.8
SBL,IJ,1.2
VZ,VKR,0.71
AKR,IJR,0.45
UT,XJ,1.13
WGL,AOL,0.93
TFR,UAR,1.19
XJ,UFR,0.4
RSR,WGL,0.86
CX,VAL,0.64
LB,ZUL,0.37
PJL,FKR,0.12
YP,GUL,1.67
SSL,AI,1.44
MR,JOR,1.95
WFL,FR,0.93
MML,FA,0.69
WL,GYL,0.82
RHR,GZL,0.64
IO,TL,0.92
FIL,RRR,0.32
JH,OT,1.65
CX,IVL,1.11
XL,BX,1.34
LB,KS,0.58
KAL,MVR,0.83
LK,BRR,1.47
GD,PV,0.66
DML,UG,0.76
FJR,VAL,0.5
CDR,MOL,0.41
MYR,LIR,0.5
WGL,DVL,1.09
LAL,IER,1.25
LXR,NI,0.54
UT,AP,0.48
MVR,ML,1.22
KAL,HR,0.83
WB,PV,0.5
NCR,XL,0.49
ZWL,RLR,1.83
OT,BKL,1.7
DI,WB,1.14
EGL,XI,1.66
EM,SBL,1.54
LEL,TJ,0.12
LXR,JMR,1.97
JAL,TFR,1.76
IX,AKR,1.49
XL,GML,1.58
ALL,XE,1.94
TFR,RRR,0.22
OT,ZRR,1.75
WDR,WDL,1.53
HDL,PIL,0.88
FH,AE,1.36
IPL,GU,0.85
STL,GUL,1.89
DF,PV,0.15
GYL,XUR,1.02
EHL,IX,1.66
UKR,FVR,1.95
PIL,NKL,0.55
NCR,RLR,0.34
HR,LX,0.61
GSR,HW,0.63
DUL,YN,1.09
LTR,VOL,0.25
DML,GZ,0.82
NV,MYR,1.65
CRL,UT,0.3
HK,DRL,1.4
PYL,ZWL,0.37
CX,DGL,1.23
ZCL,HDL,1.1
JO,DRR,0.75
DFL,AVR,1.26
MDR,MR,1.49
ZBL,AIL,0.97
GEL,BBR,0.44
SE,EER,0.44
FVL,ES,1.86
NPR,EER,0.36
HN,DGL,0.49
MML,ASL,1.04
HRR,YT,1.95
JJR,XEL,1.42
DD,YB,0.75
OKL,HR,1.54
DGL,HW,0.63
TF,WDL,1.64
FFR,MXR,0.22
GU,BE,1.33
ZR,WPR,1.11
GF,VAL,1.41
WSL,MF,0.17
YDR,RSR,0.78
YT,GCR,1.42
ZR,UT,0.29
DML,AOL,1.67
GIL,LIR,1.43
LX,IPL,0.57
WS,WFR,0.49
EZL,FJR,1.78
FJR,GER,0.87
LEL,PZL,1.75
WSL,GER,0.85
EDR,HSR,1.07
ENR,NPR,0.85
UAR,EM,1.26
ALL,ZT,1.71
SAR,YTR,0.8
WAL,GF,1.38
BD,FN,0.44
FIL,AP,0.51
AP,AX,1.75
OHR,SD,0.97
STL,GEL,0.11
RGR,OKL,1.24
LM,MXR,1.17
EGL,VOL,1.01
VW,WP,0.54
HDL,FJR,0.19
HSR,UB,1.81
IX,SD,1.55
OKL,HYR,0.7
PNL,XNR,1.11
PNL,LUR,0.53
YZL,CNR,0.88
PJR,BA,1.54
WL,GCR,0.58
XUR,PPR,0.22
UAR,NO,1.37
ZCL,ASL,0.38
XIR,MF,0.87
JRR,MYR,1.52
GZL,MP,0.99
GCR,NT,1.15
WOL,NCR,0.29
WFR,CZL,0.84
VOL,GZ,1.6
ZUL,PIL,1.29
MZ,KOR,1.6
PYL,ECL,0.8
GSR,SRR,1.26
DRR,OHR,1.53
IVL,WIL,1.6
BBR,FVR,1.53
YBL,DUL,0.13
GSR,HRR,0.99
VJL,PZL,1.22
DF,ESR,1.03
OT,PSR,0.75
IX,AE,0.6
RRR,IER,0.32
JO,TL,0.95
MYR,ZYR,1.08
BKL,NO,1.45
WUR,BX,0.58
HR,UVL,0.37
NO,KAL,1.21
CDR,LH,1.14
MOL,WAL,0.42
ZCL,BER,1.81
OT,DI,0.61
GEL,GHL,1.31
DFL,OKL,1.39
ZUL,EM,0.73
GCR,VZ,1.33
AXL,UFR,1.92
AP,GER,0.24
TU,SU,0.99
GUL,HLL,1.2
XJ,GSR,1.71
LAL,IO,1.38
PJR,PYL,0.75
ASL,HHR,0.9
LIR,BDR,0.35
LAL,IJR,1.74
NW,BD,1.0
YP,CX,0.16
JH,WL,1.2
VJL,RRR,0.94
PZL,AKR,0.81
STL,CZL,1.53
LM,KS,1.93
XI,WP,1.4
FFR,SU,0.92
JO,UE,0.28
WIL,JR,1.2
ENR,HJ,1.91
MZ,UT,1.09
ZBL,XHL,1.54
CYR,YN,0.92
ES,HLL,0.16
UKR,XEL,1.77
JV,HJ,1.14
XMR,JJR,1.44
LXR,NW,0.44
HER,TIR,0.1
BRR,YP,0.72
NO,JR,0.3
XIR,WS,1.27
AIL,IVL,0.8
BE,CNR,0.81
WLR,CDR,1.81
MLR,JV,0.35
MLR,ASL,0.65
YTL,PNL,1.51
SSL,SU,1.77
NUL,EHL,0.34
GER,WPR,0.64
GBL,DRR,1.43
VZR,WP,1.0
XT,DVL,1.94
FKR,OHR,0.43
TJ,SBL,1.75
HYR,ZT,1.15
ZYR,VOL,1.23
UVL,GF,0.36
XUR,FZR,0.18
HER,HA,1.59
MML,VAL,1.06
EZL,VZ,0.98
VF,WAL,0.46
LO,GYL,0.19
OJR,UVL,1.51
CZL,FA,1.69
JAL,DVR,0.28
ZYR,HRR,1.76
HW,WB,1.6
LK,XE,0.53
NXL,VAL,1.52
SSL,NO,1.51
SAR,UVL,0.9
JJR,ZZR,0.2
SRR,GD,0.74
PJL,MZL,1.37
WFR,WL,1.06
WH,LAL,0.54
WDR,HFR,0.59
WF,LK,0.13
SAR,WFL,1.3
GBL,MPR,0.57
DRR,DUL,1.41
KRR,IYL,1.55
RHR,LH,1.93
FN,MVR,0.2
ZR,XHL,1.56
IER,HER,1.24
CBR,KRR,0.37
KG,WS,1.14
FR,GML,1.71
LTR,DRL,1.55
LUR,DML,0.65
KG,GEL,0.88
LM,XIR,0.77
IJR,WGL,0.41
SSL,PYL,1.27
WFL,MVR,0.23
AXL,PJR,0.79
VJL,XJ,1.3
NUL,PPR,0.81
ZWL,HFR,0.92
PM,FVL,0.97
DML,DFL,1.21
PV,STL,0.27
BKL,CX,1.05
WAL,DU,0.4
ZCL,TL,0.23
DGL,HU,1.41
MDR,IYL,0.76
HSR,WS,1.92
ZGL,TJ,0.17
LB,TOR,0.43
BRL,UOL,0.43
CRL,LUR,1.51
VKR,FUL,0.16
PPR,TJ,0.74
DVL,VF,1.09
MCL,BD,1.19
TOL,RHR,1.95
FA,SBL,0.95
LTR,TFR,1.98
LIR,HU,0.34
CV,GE,1.63
WFR,WL,1.87
BX,WPR,0.81
BDR,YTR,1.57
OJL,LXR,1.23
ZT,ZM,1.22
UB,JAL,0.58
WJL,IVL,1.49
JH,IVL,0.5
OJL,EGL,1.42
JT,HLL,0.67
PJR,ZYR,1.91
DVR,VAL,1.83
WUR,ECL,0.89
ASL,XI,1.97
LB,WDR,0.96
IVL,VUL,1.13
DD,PPR,0.26
HN,WIL,0.12
MOL,MVR,1.96
EM,SRR,0.78
LM,CRL,0.17
ZCL,RRR,1.69
GE,PV,0.45
VF,UP,0.36
UB,HRR,0.74
DU,RHR,0.65
NI,XIR,1.77
JOR,ZJ,0.99
UB,DF,0.66
FVR,DUL,0.76
PNL,UP,0.91
ZT,DU,0.84
ESR,TOL,1.24
TLR,MYR,0.8
WDR,GUL,1.07
MCL,JJR,1.21
MF,JH,0.83
ZCL,DRL,1.99
CBR,EDR,1.34
KG,VZ,1.22
BA,PV,0.69
ZT,PIL,0.11
DRL,WGL,0.23
AKR,XMR,1.79
UE,ZRR,0.58
JOR,HDL,1.57
PNL,EER,1.09
KRR,HN,0.11
XEL,WDR,1.16
XI,YBL,1.86
FVR,KRR,1.6
BRL,BTR,1.44
YDR,ALL,1.72
XIR,NW,1.78
WSL,JGR,0.82
HLL,HJ,1.27
WPR,CX,1.85
IER,DVL,1.39
IJ,WH,1.61
WPR,KOR,0.74
JMR,HLL,1.61
MPR,BPR,0.45
PIL,BX,0.66
WDR,LB,0.93
ZR,YDR,1.3
GCR,WDL,1.01
JH,BPR,1.0
GE,MPR,1.72
OT,MY,0.65
LXR,GD,1.31
BX,WDR,1.53
WFR,NV,1.02
IVL,YTL,0.99
CZL,TOR,1.61
FXL,AVR,1.94
GUL,VOL,0.6
WI,RSR,0.35
LTR,CYR,1.05
XE,JMR,1.68
MPR,DGL,0.68
GUL,OJL,1.56
TF,BDR,1.45
GHL,KRR,0.67
MLR,ENR,1.69
STL,EM,1.96
GCR,TBR,1.05
LM,LX,0.73
FVL,RGR,0.16
VZR,YTR,0.42
JGR,GML,1.01
YDR,MPR,0.22
IRL,CV,0.72
GZL,MYR,0.54
ZX,UFR,0.86
JO,FIL,1.95
BKL,LAL,1.04
WDR,DUL,1.15
GML,MVR,1.01
TJ,PJR,1.44
OT,XL,0.29
XIR,FMR,0.63
WDL,ZX,1.58
DFL,GML,0.25
FVR,AG,1.04
AKR,BBR,1.27
VKR,JJR,1.86
TOL,NT,1.79
GJL,SBL,0.8
HHR,BER,1.94
XL,HHR,1.81
IX,FIL,0.4
LM,FIL,1.48
YUL,LUR,1.97
MML,NT,0.34
NI,IVL,1.99
MDR,FJR,0.23
CBR,GML,0.41
IER,NV,0.89
YUL,WL,0.52
YB,ZJ,1.12
TOL,BRR,1.77
AX,OKL,0.54
JOR,ISL,0.21
XV,ZUL,0.27
VZR,GCR,0.43
PJL,HRR,1.21
JH,UP,1.53
JRR,GML,0.44
WJ,IYL,0.3
FH,HYR,1.53
YTR,EUR,1.49
CRL,DGL,0.49
MYR,NW,0.88
MVR,TIR,1.54
UOL,YN,1.05
WSL,EM,1.74
WDR,CZL,1.71
NW,DF,1.04
MLR,AE,0.28
BWR,SBL,1.64
FH,IPL,1.84
CV,CX,0.95
GU,GNR,0.14
TBR,FN,1.78
CYR,DRL,1.54
SAR,GBL,1.32
AOL,GEL,1.35
CJ,GZL,1.84
HRR,VC,1.77
XUR,WI,1.14
IVL,YZL,0.3
DRR,XEL,1.1
OCR,NT,1.18
EZL,RRR,0.11
LAL,RLR,1.61
FVL,AOL,0.25
YBL,RRR,0.62
ZZR,IYL,0.45
MPR,ZUL,1.76
IYL,HHR,0.57
KIR,PPR,1.4
ZGL,VZR,1.99
MCL,OOL,0.15
CX,YZL,1.86
SJR,MVR,1.81
KM,GIL,2.0
TF,ISL,1.79
XHL,ML,1.6
PNL,KM,0.28
BE,HR,0.48
BRL,KRR,0.78
OHR,UT,1.3
BPR,UB,0.4
FH,HU,0.53
LIR,JAL,1.37
IO,OJL,0.61
IER,WGL,0.72
KIR,DVR,1.8
WOL,ZJ,1.81
MZL,FH,0.37
OCR,DGL,1.88
WI,VOL,1.96
VZR,DU,0.3
OOL,GER,1.03
AOL,DI,0.35
XIR,DI,0.71
MZ,SE,0.96
BX,TF,1.01
DD,HLL,0.23
YTR,PJR,0.79
MZ,SAR,0.99
WSL,BER,0.28
LEL,LXR,1.95
TOL,ZZR,1.75
GHL,IO,1.08
TLR,YTR,1.03
MPR,VW,0.85
YB,CYR,0.14
DRL,TU,1.57
XI,AI,0.91
SE,XMR,1.94
FJR,NPR,1.08
TOL,KIR,0.74
JAL,RSR,1.52
OT,DML,1.53
EHL,TJ,0.7
WUR,AVR,0.86
WUR,ALL,1.24
FJR,UOL,0.27
RSR,VW,1.13
YDR,MZ,0.14
MPR,WPR,1.24
YB,BRR,0.32
GZL,ZYR,1.35
KS,TF,0.32
DVR,KRR,1.45
GUL,GIL,1.07
LM,BRL,1.35
LEL,SE,0.49
XUR,PIL,1.09
WGL,GSR,1.81
KAL,GZ,1.16
MOL,VW,0.33
IJ,BWR,1.56
XNR,LUR,0.66
WAL,PNL,0.33
XMR,XML,0.1
AS,WOL,0.26
STL,VAL,1.91
NI,UOL,0.58
WL,GU,1.06
ZUL,FR,0.51
ML,UE,1.14
GCR,GBL,1.7
BE,WPR,0.8
YDR,WL,0.82
YPL,MOL,0.86
UOL,PJL,1.18
SE,IPL,0.3
LXR,TL,1.69
EER,FH,1.41
JGR,MY,0.5
AX,WFL,0.94
PV,ECL,0.67
FO,ZGL,1.76
YPR,NUL,1.52
FH,LB,1.51
FMR,CDR,0.16
LM,OJR,1.72
SAR,KS,1.12
WP,GD,1.91
LO,GJL,1.08
CDR,DY,1.56
DFL,WS,0.23
IO,IJR,1.69
ZJ,XHL,1.39
LB,MP,0.42
JT,UB,1.9
WB,LX,1.53
CRL,ISL,0.68
EHL,YUL,0.14
SJR,IJ,1.41
WH,MVR,1.47
XT,CBR,0.64
ESR,KRR,0.64
FFR,GSR,0.76
ZRR,IEL,0.91
IEL,YB,1.15
KAL,TLR,1.12
JV,WJL,0.27
MLR,UKR,0.78
GHL,JV,1.36
MCL,LIR,0.58
HDL,AI,0.42
UAR,UG,0.99
XEL,NW,1.72
CX,MPR,1.79
LO,BBR,0.3
ESR,LB,0.58
MF,JJR,0.13
WLR,AX,0.6
TOL,OT,1.14
DF,XE,0.21
WIL,GD,0.71
FJR,TOR,0.7
VW,RSR,1.34
RLR,VZ,1.36
VI,FVL,0.67
LB,WFL,0.25
DUL,ZX,0.24
MOL,SU,0.74
OT,WS,1.54
MZ,NV,0.82
MVR,WP,0.89
XV,FFR,0.2
MCL,FIL,1.8
KRR,TLR,0.94
HA,WDL,1.11
HSR,WOL,0.53
GIL,JGR,1.46
CDR,WDL,0.78
ZJ,GU,1.79
HI,WOL,1.45
ZT,MML,1.03
HRR,SAR,0.11
GHL,LK,0.41
TIR,WFL,0.42
BX,ZGL,1.33
RSR,VW,1.28
VC,GCR,0.93
GER,KM,0.25
GU,AI,1.77
PM,WIL,0.34
UVL,ESR,0.36
IJR,EHL,1.97
TBR,PPR,0.7
SJR,UG,0.64
CV,DC,0.14
GD,RRR,1.89
WAL,DU,0.17
DFL,RSR,0.54
UOL,MML,0.86
GF,AE,0.47
HR,GF,1.59
BRR,XIR,0.62
EHL,TIR,0.37
LAL,HRR,0.31
HSR,OOL,0.63
OOL,DD,0.5
UFR,LXR,1.18
NT,TIR,1.92
WP,TF,1.07
DRL,EM,1.41
NW,ESR,0.94
ML,TLR,1.42
LXR,UP,0.94
GJL,HLL,0.72
WH,VW,0.77
HLL,UKR,1.71
AX,AIL,0.42
WJ,HSR,0.7
SBL,GUL,1.25
HI,WJL,0.92
DD,PNL,0.19
TL,IX,1.35
WF,KRR,1.36
BER,AS,1.71
TIR,TLR,1.21
VAL,OHR,1.8
LTR,JT,0.85
AKR,EHL,1.23
EM,ZZR,1.65
MVR,AVR,0.77
BA,PJR,0.15
EGL,ZCL,1.01
BRR,FJR,1.66
KAL,FMR,1.19
PIL,DFL,1.91
BDR,JAL,0.5
DC,GER,1.38
PO,DGL,0.48
DI,PV,0.88
YTL,DF,1.71
YBL,NUL,1.69
GML,IEL,1.35
ISL,ES,1.6
MR,JR,0.23
MLR,WLR,1.8
EHL,MML,1.19
SJR,VOL,0.32
TL,ZRR,0.54
LEL,XE,0.85
XNR,KG,0.42
GNR,ES,1.05
ZZR,MP,1.36
HA,DC,1.82
ZUL,SBL,0.56
VOL,UAR,1.3
GSR,GU,0.13
VW,NXL,0.99
EZL,FKR,1.27
NV,AG,0.18
WDL,NT,1.46
FMR,LM,0.28
AKR,ZZR,1.5
XE,SU,1.63
JOR,TU,0.35
VW,EZL,0.27
XI,GML,1.68
KRR,KOR,1.51
BRR,GYL,0.94
DU,FR,1.21
YN,XIR,0.93
LUR,VZ,1.99
BWR,WIL,1.71
MP,VUL,1.06
CX,ENR,0.38
YB,RLR,0.12
DF,VZ,1.08
HYR,YDR,0.17
SAR,BX,1.4
TLR,OKL,0.1
LUR,RRR,1.06
AE,UKR,1.98
FMR,FN,1.12
HYR,HDL,1.48
NO,XML,1.59
CX,ZJ,1.51
IPL,LH,0.32
KRR,YTL,0.33
FO,UE,0.4
WUR,ES,1.32
ZM,GML,0.74
ZGL,ZWL,0.13
DC,XML,1.46
PIL,ZJ,0.7
SE,WI,1.11
WS,FVL,0.95
GML,TOL,0.89
TFR,AXL,1.06
IX,HER,0.88
FXL,WDL,0.93
MY,SD,0.52
WDL,VUL,0.75
OOL,UKR,0.48
NW,ML,1.71
WJL,ALL,1.63
PJR,VI,1.02
VAL,HR,0.89
UKR,MYR,0.1
BX,XJ,1.88
XMR,FUL,1.87
NW,MLR,1.01
GML,AXL,0.16
HI,JR,1.51
JV,ES,1.15
IPL,TIR,0.82
IJ,BE,0.52
RRR,MZ,1.15
GD,OT,1.82
GE,DGL,1.47
FVR,WL,0.73
NV,DGL,0.77
XT,IJ,0.35
ZYR,MXR,0.6
VC,WJL,1.49
ZBL,NUL,0.68
YUL,HI,0.35
IJ,HI,0.85
YTL,GML,1.89
HK,ML,1.49
AIL,LM,0.6
VUL,MF,1.41
GU,BDR,1.03
TFR,VKR,1.14
NI,YB,1.11
XHL,RHR,1.04
RGR,TFR,0.37
CZL,ECL,1.0
YPR,XEL,0.5
DY,ISL,0.46
AP,OCR,1.28
XEL,DML,1.5
ESR,MF,0.33
UOL,OJL,1.66
JMR,GZL,0.8
UVL,JAL,1.7
XJ,RRR,1.19
AXL,OJR,0.94
IVL,YZL,0.18
JH,TLR,0.48
WDL,BRL,0.15
ESR,GBL,0.75
XNR,YPR,2.0
NKL,MF,1.98
SE,XL,0.7
HER,VAL,0.56
LK,PJL,1.3
JRR,ZBL,1.95
VI,SBL,1.22
XIR,WIL,1.31
DY,XIR,0.77
ESR,GF,0.84
YZL,DI,1.84
ZM,MP,0.44
OKL,ES,0.63
MPR,YBL,1.59
VOL,HN,1.21
KIR,LEL,0.66
MY,ENR,0.22
JAL,DC,0.59
GML,ZBL,1.46
CRL,XI,0.12
KRR,JGR,0.72
OCR,CRL,0.29
KAL,BA,0.74
LEL,DUL,1.95
BDR,TF,1.0
XT,GUL,1.56
YBL,SJR,0.89
BDR,WDL,0.61
MML,DU,1.95
PSR,UG,1.68
UKR,AS,0.32
XMR,PIL,0.19
JAL,UE,1.93
EUR,JOR,1.13
ZM,VI,0.77
AVR,PPR,1.52
CZL,UT,1.78
XI,DUL,1.62
EER,VAL,1.11
ZGL,WUR,1.52
DFL,JJR,1.38
VJL,BPR,1.95
VC,ES,0.52
TFR,WP,0.16
AVR,NPR,1.6
LO,BDR,0.46
JO,JOR,1.12
AE,JH,0.63
MLR,FO,0.7
WJ,UT,1.05
WDR,GCR,1.86
ZZR,ECL,0.89
WP,BE,1.59
DI,MZ,0.25
MVR,NPR,1.57
JOR,NUL,1.66
AE,TOR,1.48
GER,ALL,0.44
MXR,AP,1.54
ZX,TOL,1.73
JJR,JMR,0.72
ZT,GCR,1.69
AXL,CZL,0.59
HRR,FVL,1.73
UAR,OJL,1.17
CV,LB,0.21
KAL,WJL,0.19
XNR,WIL,0.82
HI,CRL,1.91
GNR,FZR,0.44
OT,TJ,0.69
BKL,IO,0.77
BER,MF,0.2
ZT,XUR,1.29
YBL,TLR,1.24
GIL,VZR,0.29
GZL,DY,0.79
BBR,RLR,1.45
AE,MYR,1.83
HDL,WB,0.73
KM,BWR,1.6
IAL,CX,1.41
XNR,ZX,1.12
ALL,DML,0.62
DVR,ASL,1.72
KAL,PZL,1.44
KG,JMR,0.2
WUR,YPR,1.43
PJL,BX,0.42
YTR,YN,1.85
UKR,KS,1.56
HFR,GEL,1.13
AE,IYL,1.96
BX,WPR,0.74
OJL,EZL,0.35
XI,VF,0.73
PPR,KAL,0.94
PJR,GE,0.46
UFR,KOR,1.9
CRL,AXL,0.87
CV,TIR,0.72
TL,XL,1.64
WLR,YP,0.14
SAR,DC,0.55
IJ,RRR,1.87
MY,YTR,1.17
TBR,KG,0.14
JV,MXR,0.67
NPR,MVR,0.62
DUL,OJL,0.39
PYL,GUL,1.07
XT,PJL,0.64
ZWL,YN,0.6
MPR,HFR,1.37
SJR,VZR,0.94
VZ,KIR,0.89
PNL,FFR,1.41
OHR,NW,0.98
UE,ZT,1.77
WF,AS,0.32
IEL,MP,0.39
ECL,ENR,0.82
WDR,WAL,1.84
DUL,GIL,1.52
OJL,RSR,0.85
ISL,CNR,0.71
IX,XJ,1.11
XL,TU,1.27
FIL,LAL,0.73
HA,YBL,0.35
FKR,FR,1.08
TFR,TIR,1.15
ESR,TBR,0.41
YBL,MML,0.97
IYL,MY,1.95
XE,ZBL,0.54
KS,BTR,1.02
YDR,TLR,1.87
BBR,TU,1.96
PJL,FVL,0.94
BPR,UE,1.56
GSR,PPR,1.76
PV,NUL,0.3
MPR,DVR,1.81
VI,FVR,0.96
PSR,NKL,1.74
OT,GEL,0.26
PNL,PJL,0.14
UOL,FUL,1.4
ML,IDR,0.75
GBL,AXL,0.28
MLR,ESR,1.87
AE,WJL,0.82
SD,HK,0.4
FMR,RGR,0.85
JT,EER,1.78
EZL,YUL,0.17
HLL,PNL,1.4
UAR,PV,1.06
MR,WB,1.86
LXR,ZBL,0.3
DVR,XMR,0.48
HFR,PPR,0.74
HN,FKR,0.69
IVL,IPL,1.99
WLR,GJL,1.79
ENR,MVR,1.01
XL,WH,0.41
JGR,XML,1.96
ES,LIR,0.17
VC,MYR,1.2
WF,EGL,0.73
DVR,GHL,1.13
GHL,GBL,0.36
AI,WFL,1.39
NKL,UAR,1.69
FO,GER,1.54
HRR,PO,1.96
NKL,VW,1.16
CZL,UE,0.4
LH,ZBL,1.63
XMR,AOL,1.76
MOL,JT,0.86
SD,YP,0.24
WF,LX,1.26
XT,DU,0.64
MDR,OJL,1.07
JR,SD,0.48
BPR,AS,0.8
ECL,PNL,0.31
PPR,CNR,0.93
EER,KRR,0.33
XMR,BER,0.18
MLR,KRR,0.51
GSR,CRL,0.32
EZL,FIL,1.88
TOL,FUL,0.67
PPR,EGL,1.12
SAR,OHR,1.1
TF,WDR,0.99
SE,PZL,0.39
ZZR,AXL,0.44
SAR,GE,0.3
BER,MF,1.14
IPL,IEL,1.63
JAL,AX,0.67
GJL,DVR,0.64
UE,BTR,0.36
CBR,UFR,0.65
JV,BD,1.45
PV,RGR,0.24
YPL,EZL,0.87
WS,UFR,0.88
BKL,YZL,0.41
FMR,WS,1.21
IX,LXR,1.36
CDR,EER,1.39
IX,WOL,0.34
UB,IVL,1.72
HER,HFR,1.11
PNL,ES,1.43
KIR,DC,0.26
JAL,ECL,1.02
WPR,PPR,0.15
SE,GUL,1.17
ZM,SAR,0.36
XI,IJR,0.2
PM,ZX,1.89
XIR,MYR,1.56
CNR,BDR,0.61
XL,DVL,1.31
KRR,OJL,0.39
WFL,OOL,1.92
SU,WSL,0.34
AIL,WGL,1.38
PO,GJL,0.73
CNR,TBR,1.11
WIL,VF,0.9
YN,VW,0.5
WH,GIL,0.75
VZ,WIL,0.75
GIL,FVL,1.48
GCR,UFR,1.94
BWR,RSR,1.95
JT,FR,0.21
YZL,IAL,0.79
FZR,AOL,1.15
MP,YTR,1.16
KIR,BD,0.43
WB,GEL,0.25
OJR,KS,0.26
GBL,GSR,1.91
CJ,GER,0.95
OJL,HRR,0.82
YTL,CZL,0.73
ZWL,DD,1.58
FR,HFR,0.99
MPR,SAR,0.21
NCR,OHR,1.96
UG,XEL,1.35
EM,YPL,1.71
DRL,AKR,0.81
PJR,JT,0.5
SSL,CZL,1.01
ZWL,WGL,1.39
DUL,IRL,0.61
ASL,BTR,0.55
YDR,WAL,1.36
BRL,FVL,1.36
IJR,YN,1.72
TOR,ZYR,1.94
MDR,EZL,0.51
BTR,UOL,1.82
CJ,IVL,0.54
FU,JR,1.65
VC,GE,0.68
FA,VI,0.31
JRR,JOR,1.63
YB,LXR,0.64
JR,JH,1.78
FJR,VOL,1.94
HR,MLR,1.56
HRR,EGL,1.79
JOR,CX,1.92
VF,VOL,0.87
JJR,EGL,1.03
WH,GSR,1.39
WF,ZZR,0.44
OHR,ZR,1.39
NPR,NW,1.09
UT,WIL,1.7
XI,GML,0.18
TU,WLR,1.28
XEL,NXL,1.6
DRL,HN,0.13
BD,JH,0.21
PJR,AXL,0.69
ZRR,MZL,0.91
GZ,IEL,1.7
RRR,UAR,0.27
BX,PO,1.83
SU,PIL,0.32
BA,WLR,1.46
TJ,XT,1.48
IYL,GZ,1.11
TBR,WFL,1.09
DD,RLR,0.36
GHL,TOL,1.9
DRL,GNR,1.17
LO,GU,0.94
XEL,GYL,1.72
GE,EUR,1.89
MLR,XML,1.2
GU,NUL,0.14
WH,BWR,0.71
UVL,XHL,1.26
NO,FUL,0.55
AS,ZCL,0.93
CJ,ZWL,0.86
KM,DFL,0.4
GER,SU,0.34
YN,MLR,0.32
AVR,MR,1.68
PJR,AP,0.47
IJR,HLL,0.12
WSL,JOR,0.7
UG,OKL,1.41
XI,MY,1.41
BDR,VOL,0.7
BRL,BD,0.81
GF,VW,1.87
SJR,RHR,1.72
DU,OJR,1.45
YB,PZL,1.4
LUR,ZT,0.6
UVL,WH,1.18
BPR,LB,1.68
MZL,HHR,0.63
GYL,LH,0.72
ZUL,KG,0.2
PSR,EM,0.31
JR,HER,0.12
WL,XT,0.22
PV,XHL,0.83
AVR,IJ,0.59
IEL,XMR,0.72
ML,RSR,1.87
BDR,OJL,0.37
ZYR,GEL,0.23
LEL,MLR,1.88
XV,LM,0.2
MF,WFL,1.3
VUL,UT,0.73
UT,PJR,0.8
UKR,JO,1.24
VZ,PNL,0.14
LK,FVR,1.14
MDR,ZX,0.95
SSL,VI,0.69
FXL,XE,1.87
VJL,GU,0.35
LX,CIL,1.02
HYR,JV,1.18
NT,SE,0.51
FU,TF,0.93
FFR,VF,1.35
UB,YP,1.17
UG,YT,1.61
GZ,HDL,1.35
OHR,BX,0.65
WDL,YBL,0.64
DD,ES,0.58
IEL,GUL,1.73
ALL,AIL,0.61
UE,XHL,0.72
JR,VAL,1.92
IJ,IYL,0.76
LXR,WF,1.31
LX,WL,0.95
HU,DU,0.74
SJR,XNR,0.14
GEL,CX,0.68
SBL,UB,1.57
LAL,IVL,1.37
DVL,XNR,1.53
AKR,BD,0.9
CYR,RRR,0.46
YTL,KRR,1.36
PSR,ZZR,0.82
KG,JT,1.88
MVR,PSR,1.4
GSR,LTR,1.17
GD,PJR,0.61
NI,BRL,0.23
YPR,UT,1.41
VF,YTR,1.56
MPR,YPL,0.2
JV,GML,0.68
VI,AS,1.03
TLR,UT,1.77
FH,ZCL,0.52
NT,XT,1.34
HI,PJL,0.27
CX,GCR,0.75
HN,DFL,0.95
TL,JRR,1.58
MR,OHR,1.52
CYR,CZL,1.9
HER,HRR,0.65
OT,DFL,0.38
KAL,DU,0.79
MP,KIR,0.99
ENR,WJL,0.27
HYR,OOL,0.55
TLR,VKR,1.5
KG,CNR,0.12
FMR,CNR,0.31
GER,HRR,1.57
BX,NI,0.6
GD,HHR,0.46
MCL,FO,0.14
GHL,BWR,1.05
GUL,TOL,0.92
WLR,FUL,0.26
HJ,VKR,0.85
VZR,YTL,0.89
DRL,JT,1.41
DD,AE,0.61
SSL,LM,0.66
HDL,AI,1.98
ZZR,WS,0.58
JAL,HA,1.39
TL,OCR,0.4
BA,RHR,0.98
ZJ,WFR,0.35
IJR,IER,0.22
GZ,NUL,0.86
JOR,SAR,1.08
EER,PIL,0.45
ISL,WAL,0.69
CRL,ES,0.51
XV,OJL,1.21
YUL,VZR,1.15
BA,MDR,1.87
AKR,FIL,1.19
LM,HSR,1.25
FIL,FO,0.45
ML,JO,1.17
RHR,WPR,0.15
JH,WDR,1.24
ZJ,HJ,1.78
OT,CBR,0.44
WOL,ML,0.36
TOL,DU,1.69
WLR,EDR,0.42
TJ,GD,0.34
HI,VUL,0.46
XJ,PO,1.74
IAL,GYL,1.16
TF,FVL,1.94
MZ,UFR,0.37
ES,PIL,1.3
WGL,JT,0.98
AIL,AG,1.92
VC,CZL,0.8
EGL,MML,1.57
HFR,LB,0.59
SJR,MOL,0.77
XL,ML,0.72
OJL,KAL,0.97
TJ,GBL,1.0
MLR,FKR,0.19
FZR,PV,0.67
WH,ASL,0.73
DML,CIL,0.85
WJL,LB,1.38
JV,BTR,1.87
SU,RRR,0.48
ES,IJ,1.58
NUL,BDR,0.9
GER,XEL,1.34
BRL,AE,1.24
FMR,RSR,1.49
ZJ,GJL,0.85
XE,SRR,0.94
IAL,UKR,1.21
WSL,GZL,0.37
JR,JV,1.24
HRR,WFL,0.17
FXL,JH,1.83
ZR,BX,1.98
HR,UG,1.18
LH,ZYR,1.22
FVL,XEL,0.14
WS,NT,0.85
XE,HK,0.8
IJR,FO,0.78
DML,AKR,1.48
RLR,PZL,0.92
HYR,CYR,1.59
FA,ZGL,1.58
MML,ECL,1.07
XNR,MYR,0.67
NCR,GF,1.67
CIL,YP,0.14
WDR,IYL,0.27
ISL,LB,0.57
GU,YPL,1.1
KAL,OOL,0.3
BDR,MXR,1.36
AP,LEL,0.22
EER,MF,0.81
GU,SU,1.51
ES,MR,0.5
VF,JJR,1.5
UB,WIL,1.98
GYL,EUR,1.82
YP,AXL,1.29
MZL,FH,1.43
WUR,IYL,1.58
JMR,SAR,1.76
CNR,AG,1.94
AS,DF,1.45
ZYR,ZM,0.48
FFR,GUL,0.18
YDR,XI,0.96
XMR,NT,0.44
WH,JJR,1.22
YT,ZBL,1.73
PO,WJL,0.11
UB,CX,1.65
AI,ZCL,1.92
DRL,MY,0.82
YUL,RHR,0.14
FIL,BX,0.41
WB,ZM,1.25
SU,UOL,0.17
DY,NPR,0.28
MPR,IO,0.86
SRR,BWR,1.76
YTL,FZR,1.32
CBR,FH,1.58
MCL,AI,0.95
ZYR,DRL,0.67
DUL,VOL,1.29
WF,AG,1.9
XUR,MP,1.71
IPL,LAL,1.04
PM,JGR,0.39
HYR,EHL,1.13
JOR,BWR,1.89
XUR,UOL,1.87
HFR,MVR,1.31
FKR,FIL,1.09
NO,HFR,1.17
PV,IDR,0.34
TBR,XI,1.85
JMR,IDR,1.67
MOL,MR,0.24
HK,KIR,1.55
WIL,BPR,1.34
NKL,SSL,0.14
HJ,KS,1.54
CIL,OHR,1.91
HRR,JO,0.16
WH,HRR,1.79
XT,ZWL,0.84
AKR,DRR,0.39
FKR,GBL,0.17
IO,CDR,0.59
WGL,UG,0.74
UE,TJ,1.56
LAL,MR,1.22
WPR,JRR,1.69
LX,GJL,0.16
IER,XL,1.62
WFR,ZR,1.02
OJL,FH,0.83
JV,BER,1.93
RHR,ZM,0.76
PZL,BX,0.8
PO,GD,1.49
ZCL,LK,0.89
SSL,IYL,1.02
AIL,GYL,1.78
EZL,OOL,0.58
HI,SBL,0.34
MYR,TIR,1.11
XNR,VOL,1.19
KOR,AKR,1.15
STL,FU,1.89
XIR,GSR,1.54
DFL,BKL,1.93
BD,MR,0.7
OKL,STL,1.98
IVL,IAL,0.58
XHL,TIR,1.0
ZJ,JAL,1.08
PV,EM,1.03
HK,RHR,1.56
SRR,BRR,0.18
ZJ,TJ,0.78
YBL,XI,1.34
ZRR,FVL,0.75
XIR,NO,0.37
KG,OHR,1.54
UE,WL,1.33
JO,MP,0.64
LO,ZJ,0.2
NUL,WOL,1.01
LUR,ZRR,0.78
ISL,BKL,0.74
WSL,NT,0.82
BTR,PJL,1.81
FVR,PIL,1.74
LAL,WGL,1.96
NCR,JR,0.9
NXL,JV,1.5
ALL,NPR,1.24
GUL,WGL,1.22
FXL,XHL,1.18
WDR,ES,1.9
JRR,GD,1.06
UP,JGR,0.39
FKR,BWR,0.98
IDR,MPR,0.11
UG,GEL,1.63
LX,KRR,1.35
ZZR,NPR,1.23
HU,PNL,1.98
IVL,LB,0.74
BDR,MVR,0.94
BRL,TU,0.63
CNR,WOL,1.12
WUR,GU,0.3
MOL,JH,1.69
WDL,SAR,1.9
AG,HYR,1.07
AS,BKL,1.42
EUR,GJL,1.61
XML,KRR,0.8
AG,HFR,0.43
YPL,IJR,1.77
OCR,BA,1.02
JT,AG,0.5
JOR,BDR,0.58
UOL,TIR,0.35
KG,GIL,1.61
VI,JJR,0.98
VUL,TBR,0.97
BE,FXL,0.93
YB,TFR,2.0
FKR,HDL,1.35
ZBL,UT,1.13
LIR,HER,0.16
EHL,BX,1.82
CDR,MPR,0.21
AE,AXL,0.81
DML,VKR,0.29
GF,VJL,1.15
JMR,BA,1.96
ZUL,DVR,1.01
RSR,TU,1.59
MVR,SE,1.43
ESR,NPR,1.17
NUL,PIL,0.8
KS,MZL,1.44
CYR,XEL,0.42
JAL,WL,0.49
HRR,HYR,0.8
ZZR,BDR,0.95
PO,CX,1.73
ESR,KG,0.66
ZR,MXR,1.31
MPR,HJ,1.94
UT,AG,1.16
WB,AI,1.16
WL,UT,0.7
RGR,KM,0.49
MZ,SU,0.24
WGL,SD,0.13
GSR,MR,0.17
MZL,WH,0.86
DUL,LK,1.62
VJL,BKL,0.26
TIR,DF,0.24
VW,ENR,1.8
NKL,HDL,1.61
PYL,WSL,1.39
HI,GYL,0.64
FKR,AKR,1.56
DD,NKL,1.13
WLR,FFR,1.99
JH,FA,1.59
EHL,SU,0.48
DU,NT,1.75
SE,GF,1.22
XJ,ZGL,1.21
OKL,LIR,1.47
WGL,ES,0.62
TOR,NCR,1.72
NXL,XV,0.71
ZYR,PM,0.27
DI,NI,0.57
XHL,DF,0.64
DRL,LAL,0.14
GZL,BE,0.13
IO,YPR,1.9
YTR,XL,0.71
WGL,YTR,0.85
EUR,YP,0.48
LXR,DI,0.74
CV,AP,1.87
LH,SRR,0.41
YT,GER,0.9
GEL,JOR,1.77
GZ,ESR,0.22
CRL,CIL,0.15
AOL,GEL,1.8
IX,WPR,1.03
DI,YT,1.11
XNR,ZUL,1.23
PO,ZR,1.33
YPL,VW,1.5
PM,KS,0.67
PV,YDR,0.12
WFR,PO,1.8
LEL,KS,0.56
HYR,HFR,0.62
UFR,OHR,0.53
AKR,AXL,0.97
LEL,BTR,0.74
ECL,ISL,0.56
HYR,CNR,1.69
OT,JO,1.54
ZGL,OT,0.26
YZL,BTR,1.93
FVR,DI,1.99
TIR,FXL,0.24
FIL,FVR,0.5
JGR,JT,1.7
VZR,RRR,0.83
FU,WP,1.84
YDR,WGL,0.61
WIL,XMR,0.86
ZR,EZL,1.04
HU,ZZR,1.86
YDR,OOL,1.2
VUL,DC,1.55
LO,PIL,1.89
TOR,MCL,0.9
CNR,YBL,0.34
RSR,BTR,1.07
RHR,EDR,0.31
KRR,CX,1.3
TOL,XHL,0.44
JJR,DRR,1.23
LX,TF,1.96
GUL,ZX,1.72
MCL,BPR,1.33
DF,UP,1.75
UOL,RSR,0.22
JOR,CYR,1.21
GEL,UP,0.49
IPL,LM,0.18
HSR,AIL,0.88
YDR,VF,0.49
LB,MLR,0.27
EM,NPR,0.35
KOR,RGR,0.66
SRR,TLR,1.55
TFR,ML,1.25
FUL,AIL,1.64
GIL,FR,1.42
HRR,VJL,0.3
WGL,PZL,1.46
TU,EM,0.26
MXR,WLR,1.61
TLR,FVL,0.5
BDR,STL,1.39
DF,GNR,0.3
OCR,UOL,0.25
WOL,AP,1.72
MLR,CNR,0.31
SU,LM,1.08
PYL,WDR,0.14
GER,TL,0.14
AG,WF,1.29
VW,FA,0.56
RGR,DUL,1.79
PO,TLR,1.9
EM,ZYR,1.35
FKR,JMR,1.71
IO,ZYR,0.33
RLR,CJ,1.53
YPL,YT,0.75
XE,TF,0.87
GF,WH,1.21
ZWL,WB,1.14
WH,LUR,1.08
OKL,HN,1.14
TLR,AVR,0.74
MXR,YTL,1.56
VZR,GIL,1.4
XI,PSR,1.91
JH,VOL,0.6
ML,DC,1.5
DGL,WSL,0.64
UFR,CJ,0.18
PV,WS,1.27
VAL,KRR,0.46
ESR,STL,0.6
WPR,VKR,1.96
MML,XEL,0.57
WI,RLR,1.1
MML,MVR,1.69
DUL,BER,1.94
TOR,GU,1.63
LEL,DUL,1.25
VZR,DVL,0.72
VF,FMR,0.85
RRR,HDL,1.78
DF,JMR,1.62
FUL,EZL,0.86
WB,JJR,1.09
YB,WF,0.68
FMR,WFR,0.52
ZBL,WDL,0.41
VI,MR,1.78
KAL,KG,1.41
VC,DF,0.27
XHL,VI,1.19
KOR,IX,1.95
UT,VZR,1.19
PYL,WGL,1.44
BWR,MOL,0.76
OT,YP,0.85
LUR,MML,0.89
LX,DML,1.66
XL,UT,0.96
ZUL,BE,0.46
ES,GF,1.31
IX,WJ,1.35
VC,TU,1.04
FXL,VAL,1.4
TOL,AI,1.52
PJL,BKL,1.89
RGR,WFR,1.96
ZUL,XMR,1.23
DGL,NV,0.44
WGL,PSR,1.82
XIR,ES,0.34
WF,YPL,1.98
KRR,FN,1.13
OOL,XIR,0.55
ES,MP,1.09
CX,XI,1.84
BPR,GHL,0.38
WJL,GYL,0.31
FJR,GBL,1.97
KAL,KRR,0.29
JGR,WDL,1.85
CIL,LK,0.3
BBR,ZRR,0.64
MXR,LO,0.81
RLR,LTR,1.4
MZL,OCR,0.62
ZX,MLR,0.87
GER,DRL,0.7
VJL,FH,0.15
SSL,WDL,0.16
IEL,HFR,0.76
ES,GEL,0.14
XML,PV,0.69
HN,VF,1.68
MR,WS,1.36
NO,SAR,1.65
VF,JOR,1.38
GYL,RRR,1.2
YTR,AI,1.63
PZL,HYR,0.53
ZT,VOL,0.49
FUL,FFR,1.69
JH,XJ,1.55
HK,PO,0.91
VZR,MYR,0.38
XT,GCR,1.35
ENR,JR,1.34
ZGL,XV,1.74
ENR,STL,0.21
FIL,KG,0.49
WL,FU,0.88
GUL,JJR,1.96
CRL,LH,1.59
JV,BPR,0.44
CBR,JJR,0.38
NCR,WDL,0.16
JR,NV,1.59
GEL,DC,1.6
YB,MZ,1.55
ASL,WI,1.48
HSR,EUR,0.71
BTR,DVR,0.59
MCL,YBL,0.56
WAL,OHR,0.49
ECL,PM,0.22
ML,VW,1.9
UG,AKR,1.67
WF,UOL,0.99
IDR,RLR,0.89
WJL,LUR,1.49
EDR,SAR,1.83
VAL,VZR,1.43
FUL,JMR,1.27
HLL,GZL,1.89
DU,UG,0.96
LM,JRR,0.92
UAR,MXR,0.86
SSL,VW,0.51
TOL,GCR,0.77
DI,FFR,0.66
AIL,MYR,0.84
IER,KS,0.61
YBL,JRR,0.39
UFR,OCR,1.16
DF,WF,0.37
DVL,CIL,1.96
UT,DGL,0.91
IPL,UG,1.81
GU,SBL,0.71
CV,GSR,0.24
ENR,BPR,0.14
FVL,DML,1.5
ZYR,WFR,1.73
XV,JO,1.91
JT,ZWL,0.64
XE,LB,1.54
STL,WJ,1.52
TIR,UG,1.18
WI,OJL,0.28
SE,ESR,1.12
IYL,WJ,1.35
GCR,RGR,0.64
ZM,XT,0.61
FKR,ZJ,1.68
DUL,ZGL,1.16
BA,TF,0.34
XE,GU,0.27
HN,STL,1.62
VZ,BBR,0.22
HW,GF,0.93
YBL,FH,1.99
ZUL,WAL,1.3
FU,YTR,1.0
LAL,FJR,0.93
MXR,ESR,0.84
PSR,HRR,1.39
IRL,LXR,1.64
MLR,OOL,0.77
ZRR,PYL,0.12
WJL,WOL,2.0
GZ,YDR,1.06
NW,VZ,0.61
IYL,JV,0.14
UVL,UG,0.93
NT,TL,0.8
BKL,ZCL,1.08
TOL,HLL,1.22
CV,CRL,0.87
MYR,HU,0.68
JR,AP,0.23
GER,NO,0.16
NV,HRR,1.18
EM,WF,1.99
NV,VKR,0.77
LEL,TIR,1.36
VW,CRL,1.8
DRR,UB,0.43
ZX,HA,1.44
XJ,ES,1.26
IYL,UG,1.38
SAR,VI,1.49
LK,WJL,1.38
UG,BBR,0.91
NCR,ESR,0.27
FJR,FA,1.01
VOL,TL,1.93
SJR,JMR,1.83
VUL,KAL,0.16
XL,DVR,1.93
WSL,MXR,1.36
TOR,RGR,1.76
YT,GCR,0.92
ESR,HA,1.09
GER,AE,1.49
CV,DVR,0.2
EDR,WJ,1.75
FVL,LB,0.76
HHR,MZL,1.6
LTR,OJL,1.33
PV,YPL,1.69
IVL,ZUL,1.1
WJ,JR,1.79
ASL,WDR,0.37
ZBL,PV,0.82
YBL,NPR,1.12
VKR,AP,1.15
IO,MZL,0.46
SAR,OT,0.39
IO,UKR,0.89
XEL,HN,0.74
IRL,MLR,0.69
ES,DF,0.32
PO,FUL,1.12
JJR,MOL,0.95
FUL,EER,0.85
MZ,WB,1.58
ZBL,YB,0.57
FR,DUL,0.64
KIR,FMR,1.39
LXR,TIR,0.81
VW,LAL,1.5
XHL,AS,0.76
UE,MY,0.69
XNR,WPR,0.8
NI,UT,1.65
BDR,BE,1.58
HLL,DFL,1.02
RSR,OJL,0.61
FKR,CZL,1.22
STL,YT,0.22
FXL,KRR,1.06
WJL,AX,1.54
DUL,MDR,1.84
JAL,DF,0.25
GEL,TFR,1.56
YBL,KIR,0.41
YN,TU,1.73
HLL,HR,0.32
GU,BWR,0.73
OCR,BBR,0.35
AE,GML,0.28
PNL,TFR,1.29
JT,AI,1.12
RSR,VC,1.68
EGL,SBL,0.62
HHR,VOL,1.84
TFR,VJL,1.52
NPR,EER,1.37
GCR,UOL,0.95
MZL,WSL,0.93
UP,VUL,0.21
MVR,BBR,1.49
PJR,DD,1.53
LIR,ECL,0.19
VZ,BTR,0.67
XMR,YT,1.65
HRR,SE,1.76
KOR,WGL,1.46
ZZR,GD,1.59
FUL,VUL,0.59
UB,TU,1.89
DRL,IYL,1.89
DF,HA,0.38
UP,AE,0.52
WPR,UB,1.91
ZGL,TIR,0.31
WGL,ZYR,1.19
WP,MY,0.16
WFL,ZRR,0.94
UB,CYR,0.98
XUR,HK,1.14
SRR,NXL,0.53
MF,ZWL,1.19
AX,PO,1.3
GU,TF,0.65
NKL,WOL,0.92
AOL,BRL,1.76
DFL,BX,1.79
KG,CIL,0.19
JMR,BRR,1.49
YZL,YT,0.52
YBL,VUL,1.88
FR,BDR,0.29
JT,MZ,0.77
YT,ZT,1.3
KM,YB,1.06
JMR,DRR,1.0
HW,OHR,1.06
DVR,ZCL,0.11
RHR,MY,1.6
PM,UFR,0.33
UB,FIL,0.92
ENR,ZWL,1.93
XMR,DF,1.09
BBR,XUR,1.32
ML,WDL,1.77
HHR,TJ,0.38
GSR,KM,0.74
ZUL,NKL,0.46
MP,BE,0.98
FMR,IEL,1.05
XML,XIR,1.24
OJR,FR,1.23
ENR,UT,0.93
XV,SE,1.77
WDL,UOL,0.83
XI,HW,1.41
KRR,PZL,1.22
HHR,SRR,1.59
TLR,WOL,1.46
TJ,AXL,0.55
UAR,ZBL,0.34
WIL,DY,0.21
LH,HK,1.68
TOL,GHL,1.75
FJR,FVL,2.0
CDR,HU,1.53
YTL,MF,0.18
WOL,YPL,1.62
PNL,GZL,0.28
ZJ,LTR,0.33
JAL,LEL,0.85
KIR,IRL,0.87
AX,HHR,0.65
LB,VAL,1.84
WAL,CRL,1.97
MY,GEL,1.42
ZCL,FA,1.33
MOL,DU,0.47
HYR,UB,1.88
BE,KG,0.92
HA,RSR,1.37
VZR,AP,1.1
JAL,KM,1.88
BRR,LX,1.25
JRR,ZZR,1.84
ZZR,JGR,1.07
SRR,FFR,1.8
AS,WH,1.57
BRL,WPR,1.4
PNL,DFL,0.37
GEL,XMR,0.87
CBR,WFL,1.41
ZT,FZR,1.93
IO,GML,1.16
FXL,HK,0.66
HSR,IJR,1.8
PYL,DML,1.07
GML,MOL,0.77
CDR,CRL,1.48
YT,LX,1.14
FXL,BRL,1.97
GBL,GUL,0.55
UP,GYL,1.59
WJL,HU,1.17
GD,WFR,1.34
WSL,SAR,0.44
IJR,NW,0.18
ZRR,SBL,1.97
PIL,TL,1.56
ZBL,HRR,1.96
BDR,DGL,0.49
BX,IAL,0.49
KAL,JT,0.51
VJL,HU,0.21
OKL,IAL,1.9
NV,LIR,0.78
ZJ,DFL,0.19
HK,GD,0.64
CX,GE,0.35
HFR,KAL,1.08
WP,RGR,1.22
GE,HHR,1.08
ES,MF,0.57
WH,ES,1.42
GF,WSL,0.93
GSR,SJR,1.47
PJL,ZM,1.2
LAL,XV,0.84
GHL,SAR,1.78
FZR,WJ,1.44
LXR,GHL,1.49
EM,WFR,0.32
BX,IVL,1.71
GE,HN,1.17
JV,XT,0.99
DD,IDR,1.8
WFR,KAL,1.21
UB,VW,1.21
ZR,FU,1.44
MDR,UG,1.33
WS,FO,1.3
BTR,DD,1.31
ESR,AI,0.37
CV,EHL,0.55
IPL,XL,1.47
DVL,VI,0.48
TIR,EZL,0.79
GSR,IER,1.19
VOL,FUL,0.46
XMR,WLR,1.66
WUR,MDR,0.41
VZ,ES,1.39
JOR,EZL,0.11
TL,OCR,0.82
HRR,UE,1.5
IAL,MZ,1.3
EHL,IER,0.3
AS,TLR,1.03
FA,IYL,0.54
DML,CDR,1.13
SRR,ZM,1.39
PO,LEL,1.71
HK,VZ,0.97
KIR,XJ,1.46
TOR,EHL,0.34
AX,KG,0.5
GBL,OOL,0.75
DVR,WOL,0.27
WH,OKL,1.82
GCR,ZZR,1.82
CYR,FZR,0.75
WP,GCR,0.49
YPL,VW,1.4
SJR,ZGL,0.81
SJR,BRL,0.96
SAR,LEL,1.47
OHR,WI,1.83
MZ,KAL,1.7
YN,OOL,1.95
VF,XMR,0.27
TJ,YPR,0.65
ZJ,HI,1.81
RLR,HI,1.83
HR,PYL,0.89
BER,PJR,1.36
JRR,ZX,0.58
UG,AIL,0.44
DFL,FKR,1.97
XEL,XV,0.18
IAL,WP,0.13
NCR,NPR,0.75
DD,YPL,1.93
LXR,AXL,1.7
ZJ,MML,0.66
LM,DFL,1.03
TOL,FU,1.19
UG,PPR,0.88
CRL,TIR,0.45
UT,XNR,1.85
IER,LXR,0.51
MVR,ML,1.39
MY,VC,0.92
ZT,AG,0.13
NPR,SAR,0.14
KRR,GCR,1.47
BX,ASL,1.18
SBL,KOR,0.38
FVL,IER,1.13
XML,FIL,0.52
GCR,SU,0.82
ZM,NO,1.92
VF,XML,1.36
MP,JMR,0.79
UB,GUL,0.18
GBL,WPR,0.55
FH,FA,1.98
DU,GBL,0.57
BA,MOL,0.81
SU,UVL,1.6
ZJ,XNR,0.37
IO,JT,1.77
ZUL,MVR,0.83
JT,IDR,0.91
SD,WPR,0.35
SD,MY,0.61
DRR,DY,0.2
PO,DD,1.68
AP,DC,0.23
ENR,GNR,0.46
FKR,DRL,0.26
AOL,FR,0.55
GHL,MR,0.44
TOL,XV,1.0
DML,WFR,1.34
LH,CIL,1.66
WJ,DVR,1.74
OHR,FVL,0.67
DRL,DY,1.07
EZL,JMR,0.73
HR,BER,1.37
UKR,AVR,1.1
SE,FZR,0.38
MXR,IER,1.97
LH,ZRR,1.15
SSL,VW,1.72
FXL,WFL,0.58
GZL,BE,1.29
LXR,HU,1.58
VUL,ENR,0.65
WF,BKL,1.59
WDR,BE,0.55
VOL,KRR,1.54
YDR,ALL,0.95
DF,XT,1.45
SU,BE,1.66
MZL,WPR,1.72
ZJ,HER,0.27
LAL,WF,0.53
OOL,WJ,1.89
JO,RHR,1.68
JRR,SD,0.17
DGL,XEL,1.22
ML,EDR,1.27
JMR,WDR,0.82
CRL,ZUL,1.31
MY,XNR,0.93
WSL,YPL,0.27
WOL,BKL,1.2
WDL,WFL,1.82
WAL,NI,0.62
YTR,GHL,0.25
XUR,IX,0.94
GBL,NCR,1.22
PZL,WOL,1.5
XT,WFL,1.42
LXR,AS,1.71
MML,NKL,0.14
UFR,UVL,1.03
SBL,JAL,1.75
WH,EDR,1.5
UT,FU,1.24
IJR,HR,1.48
MR,NUL,0.28
GYL,AOL,1.8
MP,MDR,1.07
IYL,DFL,1.86
XJ,NI,0.14
BER,JOR,0.81
ASL,DD,1.87
WFL,CIL,1.3
MY,STL,0.29
HU,IJ,1.61
YZL,HHR,1.43
XL,LXR,1.35
OCR,RSR,0.16
UVL,NW,1.08
DFL,TF,1.8
RRR,WJ,1.35
DRL,GHL,1.08
DI,XIR,0.43
LK,TJ,0.61
OHR,YTL,0.38
SRR,UP,0.94
PSR,WSL,0.85
DGL,IJ,1.61
XUR,TOL,1.28
OCR,JR,0.45
FN,DVL,0.59
MY,GCR,1.56
FZR,WFR,1.75
TIR,UKR,0.39
VKR,KAL,1.08
ZCL,CRL,1.51
KRR,WP,1.93
XNR,LTR,0.87
VZR,HFR,0.52
AP,HJ,1.77
KAL,ZGL,1.41
UP,VC,0.94
RRR,GD,1.11
UVL,JO,0.21
FJR,MPR,0.54
HI,LO,0.45
LO,FMR,1.4
XT,VZ,0.93
IAL,HJ,0.42
MDR,MOL,0.89
LUR,DY,1.98
EHL,ECL,0.53
FUL,MZL,1.96
NXL,DRR,0.13
TF,DVL,1.02
IVL,UB,0.84
HLL,TL,1.54
LXR,ZGL,1.55
TFR,PNL,0.77
FMR,TOL,0.79
XV,MML,1.32
WB,ML,0.9
LM,LAL,0.68
VW,DFL,1.79
XMR,FU,0.1
YZL,GD,0.23
GF,TF,1.13
GZL,PNL,1.82
KM,YPL,1.65
CV,DUL,1.47
RLR,LTR,1.75
IEL,WF,1.93
RGR,DML,1.17
BTR,OT,1.93
MCL,LTR,1.23
DI,CRL,0.47
IER,GBL,1.28
BRR,YB,1.78
YPL,HN,0.9
WDR,HER,0.82
ZGL,VKR,1.9
WJL,YPR,1.68
AI,ZZR,1.33
BX,ZM,1.49
SU,ZX,1.22
LTR,LX,0.72
HYR,JGR,0.14
DVR,NXL,0.66
NUL,AIL,1.61
ISL,NKL,1.62
KRR,AIL,0.92
WPR,YUL,1.51
UOL,TFR,1.99
BWR,CX,0.6
KM,HYR,1.31
ZWL,GER,0.21
UVL,BD,1.7
XI,WFL,0.38
NI,BTR,0.17
GSR,LH,0.79
BDR,RHR,1.62
FZR,BRR,1.58
MPR,DU,1.47
XIR,BA,0.61
WDR,VF,1.69
SBL,HU,0.6
SU,VZ,1.27
RLR,IPL,0.34
MCL,PJR,0.12
OHR,DVL,1.0
TIR,OJR,0.41
XV,VAL,0.6
WOL,DF,0.38
UFR,DRR,1.76
BPR,LH,0.36
DY,NW,0.53
FVL,WIL,0.21
LM,SAR,0.25
HDL,CIL,1.88
OHR,NT,0.12
ZUL,JGR,0.12
WS,JRR,1.04
OT,AG,1.87
PSR,KAL,0.76
LXR,GNR,0.65
KG,ISL,0.43
UAR,HI,1.22
MXR,WB,1.37
WDR,HN,0.7
JO,OJR,1.88
PPR,WLR,0.96
LEL,NCR,1.32
HI,FN,0.64
IJ,GML,0.79
IEL,WUR,1.86
XT,TU,1.64
WLR,AP,0.59
YTL,PPR,1.45
WFL,ML,1.14
VUL,BRL,0.53
STL,HHR,1.13
BDR,PPR,1.03
EDR,IRL,0.84
YTL,TOR,1.06
YTR,AOL,1.1
FMR,YB,0.7
ZM,ML,0.73
WJL,TOR,1.66
MYR,DUL,1.24
GML,XJ,1.53
FJR,GML,0.26
VOL,UFR,0.38
FJR,GZ,1.8
PIL,DRL,1.76
HK,ENR,0.22
OOL,YBL,0.87
MXR,HN,0.65
SAR,AE,1.49
HLL,EZL,1.8
ZYR,ZJ,1.17
MXR,IDR,1.52
KOR,IEL,0.18
GEL,DC,1.29
LEL,XV,1.57
NV,PO,1.67
HHR,NI,1.02
YT,GE,1.61
UFR,ZGL,1.14
XV,AIL,1.74
FH,EGL,1.9
GD,JR,0.78
JAL,CDR,0.14
YB,WSL,1.35
KS,BPR,0.42
ZZR,TFR,0.58
DML,UB,0.11
BKL,NXL,1.35
GZ,WS,0.68
VF,AKR,1.64
ZCL,TIR,0.13
XJ,FVL,1.8
GML,PSR,0.32
GJL,XJ,0.22
GHL,WFL,1.14
YDR,GHL,0.14
LTR,DML,1.46
RLR,ZGL,1.06
PSR,YB,0.86
CZL,TL,1.93
IO,NPR,0.83
ENR,XEL,1.24
AX,BDR,0.5
AS,YN,1.73
IEL,CZL,0.75
WL,JMR,0.11
CDR,ES,1.72
WUR,ZX,0.23
AX,ZM,1.92
XL,BRR,1.84
ZZR,ALL,0.18
VJL,AIL,1.1
RGR,ENR,0.21
RHR,YDR,0.34
VAL,SU,0.95
ZR,VKR,1.7
DGL,FIL,1.48
XMR,WFR,0.35
UVL,WP,0.97
AVR,MCL,1.44
JR,JO,1.52
AVR,HI,0.13
SD,LTR,1.04
AE,GD,1.4
KIR,HR,1.42
JOR,ZCL,1.5
TIR,DFL,0.39
GF,FJR,0.68
GNR,NPR,0.1
EHL,MCL,0.85
KIR,ECL,1.77
LEL,SD,1.41
PM,BA,1.65
WL,UB,0.33
CRL,XT,0.55
HW,GUL,0.58
ENR,JO,0.58
AVR,PZL,0.5
AP,FKR,0.23
ZT,OCR,0.51
FFR,JGR,1.26
EUR,DUL,1.62
AX,WDL,0.87
FU,ZRR,1.98
XML,UOL,0.32
GEL,WF,1.11
YB,KM,1.21
CNR,GCR,1.09
FA,VC,1.55
CRL,BD,0.76
LTR,PO,1.29
YPR,AOL,0.67
YP,XUR,0.14
VOL,GER,0.23
JJR,ZT,0.55
IVL,YT,1.63
BRL,JR,0.4
XL,FVL,1.36
JV,BRL,1.59
LO,UAR,0.99
DGL,BER,1.65
TF,CDR,0.21
UB,FFR,1.28
VI,IJ,0.27
GD,NO,1.73
SJR,RLR,0.9
EUR,UAR,1.35
AE,NPR,1.76
GE,SRR,1.87
BPR,ZX,1.7
FA,WFL,1.27
XML,ECL,0.46
ZRR,NKL,0.78
DD,DI,0.75
JJR,AXL,1.86
GU,UT,0.99
TOL,UFR,0.4
DRL,CDR,1.55
GEL,IDR,0.11
TOL,KAL,0.52
WPR,CJ,1.46
VJL,HU,1.2
JJR,YP,0.27
VC,YN,1.78
YN,FVR,0.87
OJL,WAL,0.4
JJR,EHL,1.65
DFL,UVL,0.8
JH,YT,0.53
ZM,LAL,1.85
NT,MPR,0.96
XV,BKL,0.23
HHR,MR,1.51
FUL,LO,0.67
RLR,LM,0.33
WH,CJ,1.71
YP,XE,0.87
WUR,TU,0.43
DFL,KIR,0.54
ML,WGL,1.65
ZRR,OJL,1.01
AKR,HU,1.87
MZ,HU,0.47
JGR,DML,1.89
LB,FO,0.65
ZRR,VJL,1.38
LH,VC,1.65
YPR,DRL,0.24
FVL,PPR,0.64
GBL,IRL,1.55
RHR,SU,1.91
HW,GUL,0.63
TL,WDL,1.74
PV,YZL,0.16
ESR,VZ,1.8
PYL,FIL,1.0
YN,HHR,1.1
IAL,XJ,0.69
MP,HK,1.28
TLR,XNR,0.97
CNR,WJL,0.74
FA,YZL,1.09
HER,PJL,1.57
WFL,LK,0.72
JOR,BBR,0.62
CBR,DML,1.26
SD,YB,0.24
GE,LB,1.89
DVL,PJR,1.39
PNL,FN,0.64
MML,UE,0.28
HA,AG,0.63
PV,KG,0.84
LXR,AKR,1.5
ZZR,DML,1.36
WAL,WDR,0.21
RGR,BD,1.65
VJL,MDR,1.39
ECL,GZL,1.4
GCR,BER,0.14
VJL,PSR,0.93
TIR,EHL,1.47
HK,MOL,0.69
BPR,WFR,1.02
CRL,TOL,1.34
XNR,HRR,1.25
VZ,TL,1.1
XL,SJR,1.29
HA,HRR,0.31
VI,CV,0.85
UT,YB,0.48
PSR,DUL,1.92
WS,MXR,0.54
GIL,WI,0.34
PV,EER,1.18
AP,JH,1.02
WJ,UG,0.44
KAL,JH,1.61
YUL,BBR,0.87
LO,LAL,1.85
EDR,WS,1.03
GCR,FKR,1.52
HRR,MP,0.64
LB,IER,1.37
NV,TU,0.93
PJR,NT,0.35
IER,TOR,0.68
ISL,HSR,1.91
STL,DI,1.57
LAL,GYL,1.49
HER,YZL,1.34
BBR,RRR,1.89
HW,EDR,1.21
ZJ,VOL,1.04
BWR,NV,1.99
HRR,PIL,1.32
MOL,IYL,0.12
TFR,PM,0.45
AE,EZL,0.11
ESR,PV,0.79
SD,IYL,0.65
IX,FUL,1.86
SSL,GBL,0.19
AE,CJ,0.36
FR,FU,1.9
IEL,DUL,0.41
JJR,FFR,0.58
NW,ZRR,1.02
TJ,BRL,1.02
HHR,NUL,0.4
MPR,ML,1.02
YTL,MZL,1.59
DVR,HI,0.61
WFL,RSR,0.93
WDR,WH,0.47
ML,CX,1.55
NO,DD,0.55
AI,FU,1.0
DFL,SD,1.26
GE,PO,0.52
DD,LM,0.53
WUR,TJ,1.2
BE,BX,1.9
JMR,UOL,1.76
PM,HRR,1.66
WDR,JGR,0.3
KIR,FFR,0.85
DU,YPR,1.66
FVR,MF,0.36
GNR,GJL,0.13
NT,YBL,0.56
ZCL,EUR,0.62
HLL,SRR,1.02
HI,ZRR,1.86
JO,FA,0.78
BBR,NKL,1.42
LO,IJ,1.19
IX,CX,1.6
YT,NT,1.72
MPR,JMR,0.29
PNL,RLR,1.29
XMR,WIL,0.87
TIR,FVL,0.86
TF,JMR,0.67
VZR,MF,0.91
WS,HK,1.01
EGL,HRR,0.29
HER,FZR,1.41
JR,YT,1.72
ZGL,AG,0.39
CIL,HJ,1.67
WJ,BPR,1.09
DVR,FA,1.64
GF,AX,1.73
NO,XMR,1.78
UE,XML,1.28
MP,YTR,1.17
WOL,VKR,1.55
FIL,HRR,1.97
KG,GZL,1.5
WS,CRL,0.26
AIL,CX,1.25
TOL,WOL,1.34
HHR,HK,1.23
VC,YT,0.11
SRR,IRL,0.52
AI,ZM,1.94
PJL,VW,1.33
XML,GZ,0.72
HI,CNR,1.23
HU,DVL,0.88
VZR,WJL,0.13
ZCL,GIL,0.16
AX,GCR,1.91
TLR,AOL,1.23
ZT,YB,0.41
JT,KG,0.56
XEL,MR,0.97
PM,AI,1.05
WDL,FN,1.78
NKL,ZZR,1.87
TJ,BER,1.81
XIR,IYL,1.74
ZT,RHR,1.97
TFR,HK,0.4
WDL,YPR,1.81
HR,DUL,0.43
WUR,AE,0.79
NW,VUL,0.53
RLR,WAL,1.55
DRR,LXR,0.85
SE,XEL,1.12
SJR,GSR,0.98
BRL,AX,1.98
HW,KM,0.88
MDR,PNL,1.35
TU,MP,1.4
YPL,WLR,1.09
NXL,WDR,1.62
NV,VOL,2.0
TLR,JT,0.57
JO,KG,0.7
UVL,EUR,0.58
KIR,OJR,0.32
GSR,BTR,0.47
UB,IDR,1.5
FZR,JT,1.33
DI,NKL,1.54
PM,AKR,1.86
TL,GML,0.69
XT,RHR,1.45
JAL,LB,1.75
GE,ZWL,0.98
PNL,JH,1.0
FMR,XV,0.36
MPR,GE,0.81
UAR,EDR,1.54
ZZR,TOL,1.0
GD,DML,0.64
HI,DRR,1.6
LTR,SU,1.39
NKL,XMR,1.36
GUL,CBR,0.86
NXL,VZ,0.54
RHR,VKR,0.19
BRR,ZJ,0.67
KM,KIR,1.91
HR,LK,0.36
AI,TIR,0.27
LAL,JH,1.51
MF,DGL,0.2
NCR,BD,1.08
RLR,DFL,1.78
MZL,BX,1.51
RRR,XEL,0.7
UAR,JT,0.92
OJR,WS,0.76
WDL,ALL,1.89
XL,XT,0.14
CRL,AXL,1.19
CDR,WLR,0.68
YPL,OJR,0.73
XT,XNR,1.73
DY,AS,1.62
IPL,FMR,1.22
SRR,LTR,1.65
BBR,PV,1.32
BA,BWR,1.62
WI,AIL,1.49
GIL,CZL,0.61
VJL,FVR,0.29
CRL,JH,1.28
IO,GBL,0.53
UVL,WJL,0.59
SRR,NT,0.37
ZGL,HFR,0.75
LM,YUL,1.7
JOR,LEL,0.67
BWR,IDR,1.27
XMR,WF,1.87
OCR,RLR,1.31
CRL,MY,0.96
GU,UB,0.79
UT,SD,1.61
LEL,AG,0.96
DRR,WDR,0.18
WJL,XV,1.57
YDR,KOR,1.87
FFR,CDR,0.94
AI,KM,0.11
OOL,WSL,0.83
EDR,WB,1.21
WLR,ZGL,1.97
HR,WFL,1.51
BA,XIR,0.22
JJR,VW,1.43
FUL,SBL,1.94
AS,HI,1.19
IRL,IVL,1.1
BA,JV,0.55
SAR,IER,1.12
CYR,GCR,0.23
DUL,ECL,0.19
EGL,BER,1.65
HFR,HRR,1.71
WB,CJ,0.55
VF,TJ,0.1
DUL,ALL,1.72
CRL,KG,1.94
HYR,GU,1.56
NUL,LIR,0.96
STL,JR,1.72
AIL,XJ,0.95
RHR,BE,1.45
DML,EER,0.68
VW,WB,0.99
VUL,DD,0.32
GBL,PSR,0.21
AIL,AOL,0.4
UVL,GNR,0.7
UKR,XMR,0.18
KIR,FIL,1.71
MY,FIL,1.01
HR,UAR,1.65
NT,DFL,1.6
CX,LUR,0.77
AOL,AS,0.18
VZ,ZCL,0.95
RLR,WJ,1.72
HR,MLR,0.83
BDR,UVL,1.02
GZL,PPR,0.23
VZ,LK,1.29
PPR,NI,1.54
NUL,IVL,1.38
JO,AI,0.79
AOL,HYR,0.3
KG,ZT,1.15
LAL,BRR,1.51
ML,LEL,1.75
FXL,JH,0.99
DY,HDL,0.32
IVL,VAL,1.08
KS,STL,0.26
ES,IJ,1.3
FZR,IEL,2.0
SBL,VW,1.26
HR,ZCL,0.65
GYL,AXL,0.79
JOR,FA,1.07
ZZR,FA,1.31
MXR,YPR,1.99
CIL,FR,0.63
YPL,VZR,0.73
LIR,DVL,1.48
FJR,BTR,0.13
ZBL,LTR,1.11
LO,GML,1.97
GYL,HA,1.65
XI,EM,1.64
YB,LX,0.71
AI,PIL,1.79
AI,YTR,1.78
KOR,BBR,1.31
BER,AG,0.84
XML,TIR,0.57
HR,FN,1.07
CIL,OT,1.68
WF,CIL,0.14
ALL,BA,0.37
MZ,HU,1.66
CV,UB,1.95
YB,FU,1.97
MCL,KM,0.28
EM,IO,1.42
HI,TLR,1.7
FKR,GUL,0.29
VKR,FH,1.78
TJ,IEL,0.5
GJL,IDR,1.49
LH,VKR,1.65
GCR,MYR,1.53
HN,YBL,1.46
TIR,SRR,0.41
UP,ECL,0.78
AOL,TOL,0.31
PYL,GZL,0.11
LO,RGR,0.92
VZR,FU,1.69
CV,OJL,0.9
HHR,ZZR,1.88
ECL,XUR,0.15
XT,WPR,1.26
VC,LTR,1.19
VJL,ISL,0.14
DC,MML,1.51
RLR,VOL,0.67
YPL,LO,1.64
SU,ZCL,0.69
JRR,MCL,0.27
ZM,GIL,0.4
GU,MR,1.2
XT,XUR,0.37
XV,BER,0.59
ZYR,VI,0.74
HK,XV,0.95
AKR,ZBL,1.08
ZBL,DRR,0.39
EHL,IO,1.58
MZL,VZ,1.09
LX,VI,0.73
JAL,FZR,0.12
GD,IAL,1.21
GE,PJR,1.83
AI,GSR,1.87
VKR,KRR,0.14
AP,ML,0.23
XV,DI,0.51
FU,HYR,0.89
ZJ,MCL,1.43
XIR,MDR,0.21
HHR,NT,1.49
YTR,MZ,0.97
SE,EGL,1.15
HJ,YP,0.29
FFR,HW,0.67
DU,HFR,1.99
STL,HSR,0.77
TIR,AOL,1.1
HN,BRR,1.21
GEL,DU,0.97
ES,CX,1.36
XMR,DU,0.32
SAR,XNR,1.05
EHL,YN,1.57
GZL,LO,1.27
WLR,BPR,1.73
MCL,ALL,1.69
KS,NCR,0.24
GEL,PSR,1.11
IPL,ML,0.67
AX,YUL,0.71
BRL,JV,0.25
MR,YDR,1.87
JR,VJL,1.78
ZCL,HA,0.38
LM,IDR,1.61
XI,ZR,1.22
SAR,TLR,1.42
NT,FXL,1.87
AKR,XV,1.47
FJR,NCR,1.01
FFR,YP,1.82
FKR,ISL,0.37
EGL,CNR,0.9
YPR,WUR,0.34
ZGL,MP,0.76
TLR,ESR,1.1
CX,HSR,0.89
ZWL,LTR,0.43
VUL,YBL,1.93
CDR,AX,1.13
GF,CBR,0.89
BX,TOL,1.92
CJ,YT,1.68
GSR,VF,0.83
ZUL,WLR,1.55
GBL,DGL,1.52
WI,IDR,1.44
WFL,YUL,0.13
VC,BRL,1.36
XT,SE,1.12
HLL,VC,1.88
HER,PZL,0.93
TL,UT,0.11
HDL,EHL,0.69
IRL,TIR,0.48
WH,LM,1.35
MCL,ISL,1.49
EDR,TOL,0.62
WS,WH,0.66
LX,WI,1.79
FJR,SE,1.55
FA,CZL,1.0
YN,HSR,1.3
ALL,ASL,0.66
GNR,SD,1.37
FO,VW,1.68
GZL,WF,0.48
OT,ML,1.14
RLR,JJR,1.5
RLR,ZR,0.4
XL,LO,1.99
YBL,WLR,1.69
EHL,LO,1.01
JAL,TOL,1.29
IVL,ZR,0.99
BDR,OJR,1.18
YDR,ZX,0.38
YN,HW,1.69
ENR,TLR,1.08
DRR,HJ,0.89
WOL,HER,1.08
HFR,BE,1.71
LO,UP,1.03
HSR,ZWL,1.08
FVL,LIR,1.22
ALL,AIL,0.63
BRR,LEL,1.41
SD,MR,1.81
KS,IAL,0.5
JOR,GER,1.31
GU,OOL,0.72
CNR,AKR,0.29
WFR,XHL,1.93
FMR,KIR,1.2
NPR,FVL,0.83
EER,MF,1.53
LM,DUL,1.98
DGL,XE,0.78
SE,FMR,0.77
MXR,IEL,0.14
AIL,HW,1.35
FKR,YBL,0.36
GCR,MR,1.09
VUL,XMR,0.34
XNR,DY,0.87
DI,WJ,0.51
FU,JMR,0.58
JV,DML,0.95
FR,TOR,1.74
JO,VW,1.15
DML,GEL,1.22
SJR,STL,0.57
ENR,DI,0.28
CYR,NO,1.56
EER,WB,0.29
TL,UOL,1.16
GZL,ML,0.54
FXL,XT,1.17
DI,IVL,1.18
VC,CBR,1.33
NI,JGR,0.34
FR,GF,1.4
CYR,VZR,1.01
MP,MDR,1.03
HER,YP,1.18
ZZR,IAL,0.81
LB,SBL,1.12
BBR,DFL,1.78
ASL,JO,1.51
XHL,IEL,0.26
GSR,VW,0.42
CX,TIR,0.22
HSR,PJL,0.12
PZL,BER,1.87
UAR,PJL,1.6
XNR,VKR,1.43
MVR,IX,1.21
FMR,MR,1.09
HDL,FFR,1.94
PZL,BWR,1.02
LB,JO,1.64
DD,VUL,1.6
AIL,XEL,1.18
AIL,EHL,0.39
OT,HW,1.97
ZJ,PIL,1.66
YPL,TFR,1.7
OKL,BWR,1.57
DVR,BPR,1.98
BD,FU,0.38
AOL,MOL,1.73
NUL,HK,0.81
UE,BDR,1.5
TOL,HJ,0.76
GYL,ML,1.46
LTR,ZM,0.39
TOR,KOR,1.09
ZJ,HW,1.16
HA,DD,0.91
MZL,WPR,1.86
KM,BPR,1.99
PSR,LB,1.33
DGL,DVR,0.65
ALL,PYL,1.61
JOR,PSR,1.53
GML,LO,0.92
UB,GU,0.77
TLR,UT,1.55
RLR,YPL,0.96
ISL,PZL,1.86
NI,UB,0.29
AOL,UAR,1.18
PV,BER,1.31
GD,PPR,1.59
AIL,PZL,1.78
TIR,WUR,1.97
WJL,KIR,0.45
GIL,FJR,0.69
CV,ZR,1.48
HFR,MF,0.12
HU,CZL,0.52
DVR,MOL,1.74
LO,WFR,1.1
WP,YB,0.75
DC,JOR,1.0
ZUL,YT,1.36
TJ,ZCL,0.7
CDR,BA,1.16
FKR,GCR,0.97
GIL,NW,0.78
IX,NUL,0.39
GNR,ISL,1.65
TLR,SU,1.74
EZL,JO,1.46
OJR,WS,1.63
LTR,VAL,1.17
HER,AG,1.23
TOR,IRL,1.23
MYR,XML,1.94
NV,LX,1.68
OJR,FUL,1.6
WJ,HLL,0.48
WF,ZZR,1.91
MZ,TOR,1.28
GJL,AE,0.16
AS,AVR,0.37
YBL,NV,1.42
FVR,WIL,0.73
WOL,MLR,1.05
BPR,WP,1.32
LM,GZ,1.71
VUL,BX,0.21
WB,WDL,1.98
JT,TIR,1.55
XI,GEL,0.53
NPR,CRL,0.7
PV,DML,0.22
CX,ZX,1.2
TL,DVL,0.91
AI,LXR,1.3
CNR,IAL,0.82
IRL,GZL,0.34
XJ,RSR,1.74
GCR,IYL,1.28
HSR,UAR,1.44
ZYR,TU,1.6
NXL,DC,0.19
TU,GCR,1.69
WH,XNR,1.49
GEL,AE,0.93
YT,YPL,0.27
YB,UVL,0.29
XMR,STL,1.79
RLR,UT,0.85
GSR,NPR,1.79
FKR,WDR,1.1
FFR,ZUL,1.0
EZL,YZL,1.25
ZJ,GYL,0.88
FA,FJR,0.17
GYL,JOR,1.74
MP,YTL,1.85
YP,BX,1.61
HW,BPR,0.79
RGR,WI,1.22
OCR,STL,1.28
ISL,JR,1.56
YPR,AOL,1.23
ISL,ZRR,1.32
WI,SU,0.12
MVR,WJL,1.92
ZZR,HHR,0.56
GCR,KAL,0.49
UP,SSL,0.37
EHL,NI,0.38
CYR,DUL,0.17
HA,UP,0.39
AKR,MF,0.48
DF,FIL,1.03
NI,DRL,1.7
KM,CZL,0.26
HN,UP,1.0
VW,MML,0.2
WAL,PNL,1.05
GU,AKR,1.16
DGL,DI,1.29
GE,FKR,1.94
WP,PNL,0.92
VF,IER,1.06
ZX,DVR,0.26
GCR,OHR,1.61
SJR,ZWL,1.51
BDR,ES,1.15
IJ,SJR,1.7
PPR,CX,0.7
DI,IDR,1.39
MDR,HJ,1.39
GD,DML,1.82
MXR,MZL,1.44
ZWL,XUR,0.48
ZRR,UB,1.64
WF,NPR,1.45
WJ,TOR,0.16
MY,IEL,1.27
PO,GIL,1.44
MF,PSR,0.34
HSR,BD,0.44
YDR,OOL,0.9
CNR,CDR,1.7
XEL,ZYR,0.5
RLR,IX,0.47
GZ,WSL,1.28
FUL,OHR,1.35
KM,EZL,1.21
MOL,PNL,1.52
ZZR,MLR,0.15
ZRR,WUR,0.57
YPR,CNR,1.7
HU,YZL,1.81
DI,LK,0.18
UOL,XEL,1.18
ML,JOR,0.57
ESR,JGR,1.15
GF,OJL,1.49
WLR,KRR,2.0
DGL,BX,0.7
UKR,WOL,1.81
SE,JAL,0.64
MZ,VC,0.73
DI,ZWL,1.69
LIR,JT,1.92
HI,DRL,0.61
AIL,JR,0.89
MPR,MYR,0.86
GML,UG,0.13
HN,BKL,0.79
NT,CRL,1.28
DU,FXL,1.22
YTR,WH,1.34
XML,IEL,0.63
LH,AG,0.42
BKL,EUR,1.12
JGR,AXL,1.8
ZR,HRR,1.48
WAL,WFL,1.46
PV,VOL,0.47
DVL,VZ,1.97
HI,PJR,1.19
VKR,SBL,1.87
NKL,IX,1.89
DD,ZUL,0.96
SU,XT,0.32
EZL,ZGL,0.65
NKL,TU,0.94
KIR,FA,0.5
KG,JRR,1.44
HRR,AXL,0.87
VZR,AS,0.12
FVL,CX,0.82
MY,KAL,0.7
SJR,HDL,0.57
CBR,WDR,1.27
RLR,CNR,1.98
OT,WP,0.76
MPR,WPR,1.25
XL,SJR,1.85
OHR,AE,0.16
FR,LIR,1.7
ZX,MY,1.43
ZJ,DGL,0.66
NCR,AI,0.97
TBR,BX,1.3
FIL,CV,0.43
NO,AVR,0.81
WIL,IO,1.43
NKL,FA,0.66
WFL,RLR,1.94
LXR,UE,1.54
MZ,HN,1.74
PZL,TBR,0.78
WUR,DU,0.67
VI,LXR,0.91
WGL,HW,0.59
FO,FMR,1.89
ZX,GBL,0.82
BRR,ZRR,1.88
UFR,PYL,0.24
LEL,XEL,0.96
MCL,YPL,0.81
DFL,JR,1.91
NT,WH,0.34
PJL,AKR,0.34
NXL,GEL,1.38
HER,AOL,1.26
MPR,MP,1.57
ZT,FA,1.71
ISL,PYL,1.18
WUR,FXL,0.57
CDR,IPL,1.87
CNR,FR,1.2
NI,IX,1.43
YPR,IRL,1.1
VW,DY,0.39
SE,KIR,1.45
FA,DC,1.58
WOL,XL,1.02
UAR,XML,1.71
LX,JMR,0.75
TL,NO,0.52
DRL,KM,1.74
ZUL,CV,1.04
GZ,DGL,0.95
WF,ZJ,1.5
NV,HHR,0.53
GER,TBR,1.0
WFL,ZBL,1.63
KOR,KS,0.88
MF,UOL,0.7
HK,AVR,0.33
CJ,ML,1.65
SBL,HFR,1.0
YTL,FR,0.85
XMR,FO,1.91
YP,WSL,1.61
JJR,YPR,1.7
IX,UP,1.54
SRR,SE,1.22
ZBL,WJ,1.62
MZL,NKL,0.67
FO,WDR,0.61
UB,VC,1.02
FVL,CBR,0.59
PJL,VAL,1.41
YPL,CRL,0.71
ALL,EER,0.27
LXR,AXL,1.83
GZ,EHL,0.21
MXR,ZJ,0.84
UE,TOR,0.59
SE,WB,1.04
TU,GJL,1.78
SRR,VW,1.66
KRR,PIL,0.63
MXR,ECL,1.39
EZL,ZBL,0.86
YTR,WGL,0.14
VF,ZR,1.75
ALL,CIL,1.51
SSL,MZL,1.0
GSR,PV,0.64
HU,FMR,1.73
ZUL,TL,1.0
UOL,ZRR,0.79
CBR,BPR,0.43
WF,CYR,0.18
WLR,CX,0.36
ZT,FKR,0.58
YTL,XT,1.89
DRR,CV,1.55
SSL,MOL,0.44
WOL,YTL,0.73
TU,WPR,1.26
KG,RHR,0.18
MY,BX,1.08
SBL,TIR,1.58
LH,DML,1.24
FU,GU,1.04
FXL,AI,1.97
ENR,VJL,1.5
UFR,FXL,0.35
SSL,WJL,1.66
VOL,VAL,1.66
WLR,DY,1.8
FN,FKR,1.68
OKL,ES,1.58
KOR,DML,1.82
JH,ES,1.06
HK,DML,1.23
YZL,NPR,0.99
GJL,TIR,1.01
VOL,NO,0.95
JH,YP,0.96
FXL,AKR,1.12
PZL,RLR,1.41
ECL,VAL,0.26
ZRR,OCR,1.69
IO,OT,1.41
MZ,WDR,0.31
RLR,FJR,0.99
GZL,TOR,0.4
TIR,VC,0.93
WAL,KIR,0.4
HFR,IJR,0.42
NKL,CJ,0.77
AX,GBL,1.87
WL,PSR,1.19
IX,LM,1.59
OKL,LAL,1.57
WOL,MCL,1.93
UB,WFL,0.99
FFR,KM,1.78
TFR,YPL,1.67
PJR,DUL,1.07
XNR,HU,1.61
GD,YUL,1.15
RLR,LX,1.75
LB,SU,0.71
KG,GU,0.95
TOL,DVL,0.64
ZGL,WJ,1.57
MZL,XE,0.18
FXL,GEL,0.27
XNR,HSR,0.86
LM,PM,0.48
GU,WFL,1.1
